:020000040800F2
:100000000000042095530008115200081552000802
:10001000195200081D52000821520008E55300083B
:1000200000000000000000000000000071E0000877
:10003000255200080000000001E0000899BC0008FB
:10004000E5530008E5530008E5530008E5530008B0
:10005000E5530008E5530008E5530008E5530008A0
:10006000E5530008E5530008E5530008E553000890
:10007000E5530008E5530008E5530008E553000880
:10008000E5530008E5530008E5530008E553000870
:10009000E5530008E5530008E5530008E553000860
:1000A000E5530008E5530008E5530008E553000850
:1000B000E55300082952000835520008E5530008AE
:1000C000E5530008E5530008E5530008E553000830
:1000D000E5530008E5530008E553000841520008C5
:1000E0004D520008E553000859520008E553000836
:1000F000E5530008E5530008E5530008E553000800
:10010000E55300086552000871520008E5530008E5
:10011000E5530008E5530008E5530008E5530008DF
:10012000E55300087D52000889520008E553000895
:1001300095520008E5530008E5530008E553000810
:10014000E5530008E5530008A1520008E5530008F4
:10015000E5530008E5530008E5530008E55300089F
:10016000E5530008AD520008E5530008E5530008C8
:10017000E553000800000000E553000800000000FF
:10018000B9520008E5530008E5530008E55300089C
:10019000E5530008E5530008E5530008E55300085F
:1001A000E5530008E5530008E5530008E55300084F
:1001B000E553000800000000C5520008E5530008A0
:1001C000E553000800000000E5530008E55300086F
:1001D000E5530008E5530008E5530008E55300081F
:1001E000E5530008E5530008E5530008E55300080F
:0401F000000000000B
:1002000010B5054C237833B9044B13B10448AFF350
:1002100000800123237010BD38020320000000007D
:10022000F4E5000808B5034B1BB103490348AFF3DD
:10023000008008BD000000003C020320F4E5000837
:10024000704700BF01F082BA2DE9F0412A4C2B4ED5
:10025000DFF8B0802A4F9AB04FF0FF33282269466A
:1002600020680CF043FB2828F6D1039804F09CFB8F
:100270000546002838D1029B9BB929460AAA009856
:1002800001F07AFA0CF02AFE0AA90246684601F04B
:1002900047FC0CF023FE0AA90246684601F044FA26
:1002A000DAE7B3F1005FF4D140F20373009D9D42A1
:1002B000EFD1082203994FF0000E91420B4628BF60
:1002C00013469C46019B41463846C6E905EEC6E901
:1002D0000053C6F808E0C6F80CC004F06DFB3946C0
:1002E000304601F0C9F8D4E74FF0FF332A462068C2
:1002F0000AA90CF0FBFABEE790270320680203204E
:100300005C0203209005FA0B2DE9F0411F4DDFF848
:1003100084801F4F9AB0002404EBC40101AEC4F1E5
:1003200024024FF0FF33286806EB81010CF0DEFA5F
:100330000444232CF0D9049804F036FB039B0646B2
:10034000B3F1005F00D0A0B9384606F0EFFA50B123
:1003500038460AAA01A906F0ADF9D8F80C300133E5
:10036000C8F80C30D7E74FF0FF3101200DF070F9DD
:10037000EAE700240AA9321B21444FF0FF33286822
:100380000CF0B4FA0444A642F4D8DDE78C2703202D
:10039000302603200000032000B583B001F0E6F909
:1003A00000F0A0FF03221849184805F023FC01F0D3
:1003B0002FFE00F007FE01F047FE0CF08FFD01F06C
:1003C000ADF9134809F0B0FE124809F075FE124C61
:1003D0000CF084FD019001F01DFE019801F03AFE41
:1003E000019800F007FE237813B9019801F018FB7B
:1003F000019801F09BF9019801F086FB0A2101A800
:100400000CF0CEFEE4E700BFA42803202027032041
:1004100068230320D0220320760003202DE9F04337
:100420004FF00008204C214EDFF88890204FA5B0F7
:1004300011E00DF0FBFC99F8003033B1099B23B1BA
:1004400064200BF0ABFC00F04DFF002302221946A4
:1004500038680DF073F94FF0FF3101200DF0F8F816
:100460000DF0D6FC204606F0B7FB054604A9204651
:1004700006F022FA6946204606F046FA5422314632
:100480000FA8B5600EF05EF8C4F86080169BB3F557
:10049000003FCED9B3689B02CBD5012386F820302C
:1004A000099300F0E3FFC4E7302603200000032097
:1004B000F01A03205802032000232DE9F04F85B0E5
:1004C0007D4E7E4FDFF8FC91DFF800B27C4DDFF807
:1004D00000A20DF10E088DF80B3012E028680CF028
:1004E0002DF9012808D94FF0FF330222286803A90B
:1004F0000CF0FCF9022846D04FF0FF3100200DF03F
:10050000A7F830680CF01AF90028E7D04FF0FF3355
:10051000012230680DF10B010CF0E8F90128DDD162
:1005200030680CF00BF90128D8D94FF0FF330222C4
:10053000306803A90CF0DAF90228CFD1BDF80C20FD
:10054000B2F5805FCAD2002A40F0A6809DF80B4029
:10055000002C53D10CF0C2FC5A4B5849BDF80C206A
:10056000CDF8008004F0DCF8BDF80E30002B7AD115
:100570000CF0B4FC534B5149BDF80C20CDF8008071
:1005800004F010FAAAE7BDF80C20B2F5805FB3D2F0
:100590006AB10024121B39194FF0FF3328680CF0A0
:1005A000A5F9BDF80C20204484B2A242F2D10CF08F
:1005B00095FC4B463946BDF80C20CDF8008004F080
:1005C00079FABDF80E30002B96D041464FF0FF333C
:1005D0000222DAF800000CF0BFF84946BDF80E2000
:1005E0004FF0FF33DAF800000CF0B6F800230222D7
:1005F0001946DBF800000DF0A1F87DE70CF06EFC69
:10060000304B2E49BDF80C20CDF8008004F0C8F91D
:10061000BDF80E30002BABD099F800207F2A09D10D
:10062000022BA5D999F80230A3F11102012A9FD912
:10063000312B9DD02448414604464FF0FF3302221F
:1006400000680CF089F8BDF80E204FF0FF331D490B
:1006500020680CF081F8002302221946DBF8000024
:100660000DF06CF884E7184841464FF0FF33022242
:1006700000680CF071F81448BDF80E204FF0FF33FD
:10068000104900680CF068F8234602222146DBF886
:1006900000000DF053F86BE70024121B4FF0FF33FE
:1006A000391930680CF022F9BDF80C2023189CB2DF
:1006B000A242F2D14AE700BF9C020320508F0120E2
:1006C00090020320507F012098020320300803206D
:1006D0008C0203202DE9F04F404F414E414DDFF891
:1006E0000CA185B007F11C0907F5805B07F1140820
:1006F00013E028680CF022F8012809D94FF0FF33E5
:10070000022228680DF106010CF0F0F8022843D00F
:100710004FF0FF3100200CF09BFF30680CF00EF81A
:100720000128E6D94FF0FF330222414630680CF031
:10073000DDF80228DDD1BA8AB2F5805FD9D26AB17C
:100740000024121B09EB04014FF0FF3330680CF05A
:10075000CDF8BA8A204484B2A242F2D10CF0BEFB9A
:100760000146214801F0DCFB0028C2D103E09BF8E0
:1007700023000BF013FB0CF0B1FB03F033FF012857
:10078000B7D030680BF0DAFF0128B2D89AF8003001
:10079000002BECD10A20ECE7BDF80620082AB7D8D8
:1007A00072B1002402A9121B21444FF0FF332868C4
:1007B0000CF09CF8BDF80620204484B2A242F1D18E
:1007C0000CF08CFBBDF8062002A904F02DF90128DD
:1007D0009ED00A200BF0E2FAF2E700BF54AF0120EE
:1007E000980203208C020320549F012076000320EE
:1007F00000F0B0BF00F0B2BF002000F0B3BF00BFF8
:100800000022024B02481A6009F08EBC54020320F9
:100810001C230320014B1868704700BF54020320BB
:1008200030B59FB0482200210CA80DF0FFFD002339
:100830004FF40070CDE90233CDE90433CDE907333D
:10084000CDE90933019306930B9307F073FE08B1CA
:1008500072B6FEE7012302221693119319931792A1
:1008600010231D9207229FED1E7BCDE91A3203242F
:10087000042312900CA81C938DED0C7B189408F0A7
:1008800093F8034608B172B6FEE70F22214601A88D
:10089000CDE9033305930294019207F033FF034639
:1008A00008B172B6FEE7104A4FF00055916D4BF655
:1008B0007F3441F080719165926D069302F08072F1
:1008C000009208932222202306A8CDE90A2300994A
:1008D0000795099408F0C6FF1FB030BDAFF3008044
:1008E00029000000000001000010024080B592B015
:1008F00072B64FF00062A54B9A60BFF34F8F62B69D
:10090000002504F071FDFFF78BFFCDE90C55CDE913
:100910000E559F4C1095E36C4FF4604143F0040377
:10092000E364E36C2A4603F004030593059BE36C40
:10093000984843F08003E364E36C012603F08003EE
:100940000693069BE36C082743F00103E364E36C22
:1009500003F001030793079BE36C43F00203E36496
:10096000E36C03F002030893089B06F0EFFA2A46B3
:1009700040F20111884806F0E9FA2A4641F2E40102
:10098000864806F0E3FA4FF4604382480CA9CDE9AB
:100990000C360E950F9506F021F940F201137E48B2
:1009A0000CA9CDE90C36CDE90E5506F017F941F248
:1009B000E4037A480CA9CDE90C36CDE90E5506F0D2
:1009C0000DF977480CA9CDE90C750E9506F006F9DE
:1009D000A36C052143F00403A364A36C2A4603F02F
:1009E00004030293029BA36C1D203343A364A36CF6
:1009F00033400393039BA36C43F00203A364A36CF3
:100A000003F002030493049B05F0EAF91D2005F0AE
:100A100023FA2A4605211E2005F0E2F91E2005F0E2
:100A20001BFA2A460521502005F0DAF9502005F07E
:100A300013FA284606F008FE08B172B6FEE706F083
:100A400017FE034640B957484360574B036008F010
:100A500031FF18B172B6FEE772B6FEE710224FF40E
:100A60004071524B04251870514B99609A619A62FB
:100A70003C211322C3E907120F22DA624D4A586063
:100A8000D8609874D8631846C3E90D661E825E610B
:100A90005E621A601D6305F063FC0346E8B9072235
:100AA0004FF4827C4FF400714FF4E0644248C0E997
:100AB0000433C0E90833C0E90A32836003633F4B63
:100AC000C76103604763C0F804C0C460816109F076
:100AD0001DF9034618B172B6FEE772B6FEE7CDE91E
:100AE0000C00CDE90E00CDE91000CDE90A00099017
:100AF0004FF480704FF4301703214FF48052304C84
:100B0000C4E9023384F82030A362E36284F8383009
:100B10002C4B20832046266184F830606561676035
:100B2000E1616263236004F083FC08B172B6FEE702
:100B3000099009A9204605F0DBF808B172B6FEE776
:100B400006237F220D93204B0E9011900CA9204676
:100B500010950F920C9304F095FD08B172B6FEE764
:100B60000C231A4A20460CA90C920D9304F08AFD1E
:100B700008B172B6FEE71223154A20460CA90C9262
:100B80000D9304F07FFD28B372B6FEE700ED00E0A0
:100B9000001002400008024200000242000402422B
:100BA000001C02423425032000080C425802032096
:100BB0003026032000A40040D02403200038004049
:100BC0002027032000800242400020190002B025A7
:100BD0000004002A002301225148C0E90533838024
:100BE000504B0262036005F057F9034608B172B634
:100BF000FEE74D484D4AC37202604FF40273022271
:100C00008380C0F8072006F03DFD08B172B6FEE70C
:100C100041F63F75464C474ACDE90C00C4E9010056
:100C20000E90A06120462260E56009F091FC034629
:100C300008B172B6FEE720460CA90C930E9309F09A
:100C4000B9FC034608B172B6FEE73B4CCDE90C3364
:100C50000E93A360A36142F20F73384A2046C4E9A1
:100C60000023E56009F074FC034608B172B6FEE7A4
:100C700020460CA90C930E9309F09CFC034608B186
:100C800072B6FEE74F254FF6FF742D482D4AC0E996
:100C900004338360836102604560C46009F058FCDE
:100CA000034608B172B6FEE72748C0E90153C0E920
:100CB0000343C0E90533254B036009F049FC08B143
:100CC00072B6FEE74FF080414FF0FF32204CCDE985
:100CD0000C00CDE90E00CDE90900C4E901000B903C
:100CE0002061A06120462160E26009F031FC08B17A
:100CF00072B6FEE74FF4805320460CA90C9309F01E
:100D000051FA08B172B6FEE70023114809A9099308
:100D10000B9309F04FFC0446E0B172B6FEE700BF4A
:100D20009426032000300240A81F032000D4004076
:100D30001C230320001400406823032000100040FF
:100D4000D0220320004401408422032000480140B7
:100D5000B4230320574D02460121574B009546F21C
:100D600006000BF097FC0246544D554E01210096AB
:100D7000544B2A6046F2060022460BF08BFC0646D6
:100D8000514F524A009701211660514B22464FF4B1
:100D90007A600BF07FFC02464E4E4F4F01210097C8
:100DA0004E4B32604FF47A6022460BF073FC4C4B92
:100DB0004C4A01210092186022464B4B4FF4A04050
:100DC0000BF068FC494B4A4A012100921860224608
:100DD000484B4FF4A0400BF05DFC0246464F474B9A
:100DE000394647481A6001F0C5F90CF077F82A46F1
:100DF000444D454B2946009600F070FE434E444852
:100E0000DFF8808101F0F2F9424800F069FC3246D7
:100E10004146414800F04CFA0AF04CFF21463F4A57
:100E20003F480AF073FF3F4A214610603E4A3F4860
:100E30000AF06CFF3E4A214610603E4A3E480AF0E6
:100E400065FF21463D4AC8F800003D480AF05EFFB4
:100E5000034621463B4A3C483B600AF057FF0346A5
:100E600021463A4A3A4833600AF050FF0346214689
:100E7000384A39482B600AF049FF0546374B21466E
:100E8000374A38481D600AF041FF0546364B214677
:100E9000364A37481D600AF039FF0546354B214672
:100EA000354A36481D600AF031FF354B18600AF0AC
:100EB00013FFFEE754030320481F01209C02032078
:100EC0003003032040BF00200C03032098020320BE
:100ED000A0AF002090020320E802032000A0002021
:100EE0008C020320C402032000500020902703201E
:100EF000A002032000000020401603208C270320BE
:100F0000D0240320E00C032094020320901103203E
:100F100034250320942603203026032014EB0008F8
:100F200045020008A41F0320F0EA00084902000857
:100F3000A01F0320CCEA000809030008A8EA000863
:100F40009903000884EA00081D04000860EA00080C
:100F5000B90400083CEA0008D50600083008032060
:100F600018EA0008F107000880030320F4E90008EC
:100F7000F50700087C030320D0E90008F907000802
:100F800078030320F01A0320094A0368934206D02D
:100F9000084A93420AD0084A934205D07047074A4C
:100FA000136801331360704700F0C8BB04F02EBA19
:100FB00000140040002C01400010004054020320A7
:100FC00072B6FEE7024B0348DB8B037001F0F4B806
:100FD0005400032089270320054AD38B9BB211B10B
:100FE0000343D383704723EA0003D383704700BFD2
:100FF0005400032038B5124D0446A88B1149C0B2E5
:1010000000F036F9E88B1049C0B200F04DF940F617
:10101000B7330E4AE98B9C4211700D4B01D81978F9
:1010200031B101221A700948BDE8384001F0C4B856
:10103000FF2313700548BDE8384001F0BDB800BF7C
:101040005400032060010320E800032089270320C7
:10105000882703208446002310B50C4682B00DF18A
:10106000060002226146ADF8063003F0A5FC012C13
:101070008CBFBDF806009DF8060040BA80B202B0F1
:1010800010BD00BF8446002310B50C4682B00DF1A0
:10109000060002226146ADF8063003F08DFC012CFB
:1010A0008CBFBDF806009DF8060040BA80B202B0C1
:1010B00010BD00BF8446002310B50C4682B00DF170
:1010C000060002226146ADF8063003F075FC012CE3
:1010D0008CBFBDF806009DF8060040BA80B202B091
:1010E00010BD00BF8446002310B50C4682B00DF140
:1010F000060002226146ADF8063003F05DFC012CCB
:101100008CBFBDF806009DF8060040BA80B202B060
:1011100010BD00BF8446002310B50C4682B00DF10F
:10112000060002226146ADF8063003F045FC012CB2
:101130008CBFBDF806009DF8060040BA80B202B030
:1011400010BD00BF8446002310B50C4682B00DF1DF
:10115000060002226146ADF8063003F02DFC012C9A
:101160008CBFBDF806009DF8060040BA80B202B000
:1011700010BD00BF8446002310B50C4682B00DF1AF
:10118000060002226146ADF8063003F015FC012C82
:101190008CBFBDF806009DF8060040BA80B202B0D0
:1011A00010BD00BF00787047002300B5012983B04F
:1011B000ADF8063003D8184603B05DF804FB0146CD
:1011C00002220DF1060003F0F7FB9DF8060003B0C4
:1011D0005DF804FB002300B5012983B0ADF80630AB
:1011E00003D8184603B05DF804FB014602220DF156
:1011F000060003F0E1FBBDF80600000A03B05DF84D
:1012000004FB00BF007870470078704784460023D5
:1012100010B50C4682B00DF1060002226146ADF811
:10122000063003F0C9FB012C8CBFBDF806009DF809
:10123000060040BA80B202B010BD00BF8446002351
:1012400010B50C4682B00DF1060002226146ADF8E1
:10125000063003F0B1FB012C8CBFBDF806009DF8F1
:10126000060040BA80B202B010BD00BF00787047DF
:1012700008707047007870478446002310B50C460C
:1012800082B00DF1060002226146ADF8063003F08F
:1012900093FB012C8CBFBDF806009DF8060040BAF8
:1012A00080B202B010BD00BF087070470078704770
:1012B00038B50C46064D0749074B0A6028600749B8
:1012C00001201C600AF06AFF054B186038BD00BFA2
:1012D000842803207C2803208028032094270320CF
:1012E000E42703202DE9F041584E82B0306805F024
:1012F000CBF9306805F034F8002840F087800022F0
:10130000534D402153482A71EA602A616A61AA61FB
:10131000AA60EA6185F8202005F018FE306805F023
:10132000B3F9092201233068C0E90D2305F018F84C
:10133000002840F0888000240222012340F2FF713F
:10134000C5E90B23444FDFF82081A9636C6202E0FA
:101350000134092C0ED037F8023F41463068AC62A8
:101360006B6305F0E7F80028F2D00134FFF728FEA0
:10137000092CF0D102234FF08042002001216B6440
:101380006FF06043C5E90F20344A3068C5E9121296
:1013900033492B6505F0CEF808B1FFF711FE0023A5
:1013A000022230681146009305F0F0F8002847D17A
:1013B000306805F00DF900283FD100220121306886
:1013C00005F0BAFAB0BB00220621306805F0B4FA85
:1013D00068BB07224FF4F051306805F0ADFA18BB36
:1013E00007228021306805F0A7FAD0B900221D49F4
:1013F000306805F0A1FA88B900224FF46021306806
:1014000005F09AFA28B902B0BDE8F081FFF7D8FDDF
:1014100075E702B0BDE8F041FFF7D2BDFFF7D0FDA0
:10142000EAE7FFF7CDFDE1E7FFF7CAFDD8E7FFF7F1
:10143000C7FDCEE7FFF7C4FDC5E7FFF7C1FDBCE779
:10144000FFF7BEFDB4E7FFF7BBFD74E78428032078
:10145000000003200004024236EB0008FECA7700B9
:101460003C0003200040710024000320014B186859
:1014700005F00AB9842803202DE9F0470546C06825
:101480000F4603F091FAAB68B3F1005F3CD006461B
:10149000824600F12409254C4FF0FF3120680AF004
:1014A00087FF0128F8D1DFF89080D8F800000BF012
:1014B00035F9484515D202251D4A13792B4313717E
:1014C000002320681A4619460AF0CCFD002319496A
:1014D00002220968086819460CF030F92846BDE870
:1014E000F08729464FF0FF332422D8F800000BF094
:1014F00033F9054686B94D450CD00D4A01251379BF
:1015000043F008031371DBE74FF0000A4FF02409A2
:101510005646C0E70025D3E7524639464FF0FF3321
:10152000D8F800000BF018F90544E4E7E42703209D
:1015300000000320802803208C27032000232DE9AE
:10154000F0430C4683B0C9070546019316D4A207A1
:1015500007D502212D4A137943F0010313712B683B
:101560001965630735D4019B2BB14FF0E0234FF091
:101570008052C3F8042D03B0BDE8F083DFF89880F3
:10158000224F42464021224B05F0F6F87B69D8F8FD
:101590000C0001337B6103F007FADFF88090064608
:1015A000D9F800000BF0BAF806F12803984223D3CB
:1015B00041462822D9F8000001AB0BF051F9002E6A
:1015C000C5D03246D9F80000114901AB0BF048F9FB
:1015D000BDE704240D4B0F499A69096801329A61ED
:1015E0001A7942F008021A712B6808680DEB0401A1
:1015F0001C650CF08DF9B6E7064ABB691268013329
:10160000106801A9BB610CF083F9A0E7000003207A
:101610003C2803207C280320142803209027032043
:1016200010B500240A4A0B491369096882B008689A
:10163000013301A9136101940CF06AF9019B2BB1EC
:101640004FF0E0234FF08052C3F8042D02B010BDDC
:10165000000003208028032010B500240A4A0B490B
:10166000D369096882B00868013301A9D361019484
:101670000CF04EF9019B2BB14FF0E0234FF080525C
:10168000C3F8042D02B010BD000003207C28032005
:1016900038B50C46104D294605F00EF9A10303D5C7
:1016A000EB68A3B90D4A1360620309D52B690B4A95
:1016B000012B13790CBF43F0040303F0FB031371F8
:1016C000230303D50122054B83F8202038BD4FF0BA
:1016D0000042024B1A60E7E7E827032000000320DE
:1016E000014B1860704700BF8828032091B14FF06C
:1016F000FF3210B4084C014410F8013B5340DBB2F8
:1017000054F82330884283EA1222F5D1D0435DF8A1
:10171000044B7047084670474CEB00080022014B11
:101720001A60704790280320704700BF024A136870
:1017300001331360704700BF90280320024A1368EA
:1017400001331360704700BF8C28032000200BF08A
:1017500003BB00BF00200BF0FFBA00BF00200BF05E
:10176000FBBA00BF00200BF0F7BA00BF0022014B0C
:101770001A7070477600032000294AD030B57728C8
:101780000C4683B02DD8572800F284801A2800F028
:101790003981A0F124031F2B39D81F2B37D8DFE85C
:1017A00013F00D01360036003600360036003600E4
:1017B00036003600360036000601360036003600A8
:1017C000360036003600360036003600FF003600A0
:1017D0003600360036003600360036003600360059
:1017E000F800B0F5EA7F12D2B0F5DC7F12D2B0F586
:1017F000A87F00F00D8100F2FA80982800F0928016
:10180000A22804D11046FFF7FFFC844BD87503B023
:1018100030BD7047A0F5DC731B2BF8D801A151F83F
:1018200023F000BF311900080F1800080F18000836
:101830004D1900080F1800080F1800080F180008AD
:101840000F1800080F1800080F1800080F180008DC
:101850000F1800080F1800080F1800080F180008CC
:101860000F1800080F1800083F1900080F1800088B
:101870000F1800080F1800080F1800080F180008AC
:101880000F1800080F1800080F1800080F1800089C
:101890005B190008A0F158031F2BB8D801A151F81B
:1018A00023F000BF691900080F1800080F1800087E
:1018B0000F1800080F1800080F1800080F1800086C
:1018C0000F1800080F1800080F18000885190008E5
:1018D0000F1800080F1800080F1800080F1800084C
:1018E0000F1800080F1800080F1800080F1800083C
:1018F0000F1800080F180008771900080F180008C3
:101900000F1800080F1800080F1800080F1800081B
:101910000F1800080F1800080F1800080F1800080B
:10192000CB1900081046FFF76DFC3C4B98756EE72D
:1019300021461046FFF79EFC384B988367E7214607
:101940001046FFF77BFC354B588260E72146104676
:10195000FFF7ACFC314BD88359E721461046FFF71F
:1019600085FC2E4B188252E721461046FFF7EAFB12
:101970002A4B58814BE721461046FFF713FC274BB3
:10198000D88144E721461046FFF7F4FB234B18812A
:101990003DE721461046FFF7BDFB204B988236E716
:1019A00021461046FFF79EFB1C4B98802FE72146EF
:1019B0001046FFF77FFB194BD88028E721461046D9
:1019C000FFF760FB154B188021E721461046019276
:1019D000FFF7EAFB114D012C28733FF418AF019A71
:1019E00021461046FFF7F6FB85F820000FE740F28E
:1019F000A71398427FF40BAF1046FFF707FC074B85
:101A0000588304E71046FFF725FB044B5880FEE699
:101A10001046FFF731FC014B1883F8E65400032011
:101A20002B4B1B7893B92DE9F0410546294E82B026
:101A300006F1080756F8044BE36E626EEB1A934208
:101A400005D2B742F6D102B0BDE8F0817047B4F9D3
:101A5000723004EBE300002B00F1240026DAB4F925
:101A6000743004F12408002B4FEAE3010BDA1A4B1F
:101A700041461B6820462361FFF7FEFCA36EE56626
:101A80000133A366DDE74046FFF730FE04220190F4
:101A9000B4F974000DEB02010028B8BF0730C01084
:101AA000243004FA80F002F087FFE0E7B4F86830F1
:101AB00001A95BBA0222ADF8043002F07DFFB4F94F
:101AC000743004F12408002B4FEAE301CFDBDAE79E
:101AD000760003204CEF00080000032010B50446F8
:101AE000064B1960064B1A60064B029A1A6002F008
:101AF00041FD204602F078FF002010BD9C28032005
:101B0000982803209428032038B5054602F04CFDA0
:101B10000446284602F074FF2043C0B238BD00BF1F
:101B2000134B70B51B6804460D46164602F064FD63
:101B3000012809D00F4B3246294620461B6802F087
:101B400089FF012809D070BD00230B4A194612688D
:101B5000106802220BF0F2FDECE70023BDE87040B4
:101B6000054902220968086819460BF0E7BD00BF65
:101B700098280320942803209C280320F8B54FF4CC
:101B8000805600240F46054683190470C0F80240B1
:101B9000047384601C74C3F812409C61DC8100F5FE
:101BA000005332462146C3E907445F620D300CF012
:101BB0003DFCA81932462146BDE8F8401C300CF027
:101BC00035BC00BFF0B5044683B0836031B31578EF
:101BD00094462B09032B21D8DFE803F0253A600255
:101BE00005F00F0500F50056012986F8215000F098
:101BF000AB809CF80130022986F8223000F0A780E3
:101C00009CF8023086F82330002D00F0AC80012DC6
:101C100000F09F80032204F580531A74237B012B6C
:101C200073D003B0F0BD03780BB1002303706B1EBB
:101C3000062BF3D801398D42F0D82A460CF1010168
:101C400004F10D0002F0B8FE022365802370E5E781
:101C500003780BB1002303700729DFD99CF800300B
:101C60009CF801201B0203F470631343072BA3802D
:101C7000D4DD06220CF1020104F10D0002F09CFEFD
:101C800001220021062004F5005622706080B17701
:101C900004F58051CA813023F27F3CE00378012BA8
:101CA000BCD100F58057FA8905F00F0502F00F034B
:101CB0009D4246D14088A3881B1A9BB2072B5BD953
:101CC0000829ABD10132FA814B1EDDB20D302A4614
:101CD0000CF10101204402F06FFE6388A2882B44BE
:101CE0009BB29A4263804FD004F50056F27F002ADF
:101CF00094D0FB89013B93FBF2F102FB1133002BE3
:101D00008CD1B37F43F0300305E004F50056B37F78
:101D1000F27F43F03003002196F8200021738DF804
:101D200002000320746A8DF800308DF8012002F063
:101D300041FE03466946706AE360FFF79DFB03B00E
:101D4000F0BD0023037069E7002386F822300023EA
:101D500058E704F58052137C013B012B3FF65EAF40
:101D6000022313745AE704F580531A7C022A7FF485
:101D700055AF01221A7451E78B42BFF44FAF0132C5
:101D8000072BFA81A1D19FE70223237046E700BF0A
:101D90002DE9F84300F58056347C012C03D0002453
:101DA0002046BDE8F88300F500581D4698F823301A
:101DB0000F46F12B28BF0123B1698446691A994265
:101DC000EDD3718AB38A99B9072B50D810463146A2
:101DD00000F8013BB28A1C3102F0EEFD0322B38A07
:101DE00001333B70B38A7382A8F81C4032743AE026
:101DF00010465B1A1FFA83F9B8F81C30B9F1070FC7
:101E000003F00F0343F0200300F8013B718A01F552
:101E1000805101F11C01614414D9072202F0CCFD6C
:101E200008233B70738A0733738298F82220B8F82E
:101E30001C30AAB1B3FBF2F102FB113282B90222CB
:101E400032740DE04A4602F0B7FD032309F10102A6
:101E50003A703374738A9944B8F81C30A6F812901B
:101E60000133A8F81C302046B561BDE8F883C3F300
:101E7000032343F010031370B38A00F580515370AD
:101E8000901C1C31062202F097FD082306223B70AD
:101E900002237282A8F81C403374E4E70378012B14
:101EA00006D18268034B891A9942C4BF002303708C
:101EB00000207047400D030030B500F580551446F2
:101EC0002A7C0B46013A012A93B006D8AA698A1ADD
:101ED00012498A4284BF03222A7402AA0DF1070123
:101EE000FFF756FF50B92B7C032B02D0002013B014
:101EF00030BD002301202B7413B030BD9DF80700C6
:101F000002F058FDE06002E0012002F061FD204691
:101F100002A9FFF7B1FA0028F6D1E4E7400D03006B
:101F200000F5805CBCF81430B3F5805F0FD800B5C5
:101F300000224FF0010E00F50053ACF812209A83F6
:101F40008CF810E01046CCF818105DF804FB012066
:101F5000704700BF10B57F2484464FF0110E032157
:101F600014709CF800C0002082F802E082F801C0E2
:101F7000198010BD814211D9B0F1005F10D21A4B07
:101F800098422AD8194B984205D9194881428CBFEA
:101F9000002001207047B0F1006F0FD20020704781
:101FA000144B994201D801207047134B9842F5D940
:101FB000124881428CBF002001207047104B99428B
:101FC000ECD8104BB3F8E030B3F5007FEBD00E48FF
:101FD00081428CBF0020012070470C4881428CBF99
:101FE00000200120704700BFFFFFF90BFFFFF80B37
:101FF0000080F90B000004203F20024040210240F5
:10200000000008080005FA0B000004080002FA0BA3
:10201000704700BF094A0A4B52880A491878B2F53E
:10202000407F087006D9B2F5206F8CBF03220222D0
:102030001A70704701221A70704700BFA42803204D
:1020400078000320A02803200022014B1A7070475B
:10205000AA28032070B505460120424B424C1B784C
:10206000424E991E81428CBF00210121A383FEF7BD
:10207000B3FF218B022089B2FF2994BF00210121E7
:10208000FEF7AAFFF369002B62D14FF47A71384B47
:1020900096F82020A3FB05039B0901FB1355B5F51A
:1020A000FA7F34BF00250125012A56D023889BB230
:1020B0000F2B49D8218A89B2003918BF0121042089
:1020C000FEF78AFF238BDBB2022B0BD0238BDBB214
:1020D000032B07D0218BC9B2A1F10401B1FA81F120
:1020E000490900E001210820FEF776FF238BDBB2CF
:1020F000032B2BD0218BC9B2A1F10401B1FA81F1DC
:1021000049091020FEF768FF218B2020C9B2A1F1F8
:102110000401B1FA81F14909FEF75EFF638B4020AB
:102120009BB2FF2B94BF002105F00101FEF754FF85
:10213000638B8020DBB2002B0CBF002105F0010176
:10214000BDE87040FEF748BF0121B8E70121D8E79C
:1021500001210220FEF740FF97E729460220FEF703
:102160003BFFA3E778000320540003200000032076
:10217000D34D6210024A034B10601960704700BFD4
:10218000B0280320AC280320002300B5094A83B0FF
:10219000126801A9106801930BF0BAFB019B2BB1E7
:1021A0004FF0E0234FF08052C3F8042D03B05DF8E8
:1021B00004FB00BFAC28032038B50446094D0022BB
:1021C0002846042104F0C2FE074B2146012218686C
:1021D00007F01CFE2846BDE838400122042104F027
:1021E000B5BE00BF00040242B0280320014B1860B6
:1021F000704700BFB4280320704700BF00B5054BEF
:1022000083B0186801A907F041FC019803B05DF89C
:1022100004FB00BFB4280320F0B414688C4226D21B
:10222000661C166010F904C0055DBCF1000F044483
:1022300020DA05F07F056F1E032F18D82E448E423A
:1022400015D80026C0F1020025440719176014F8BC
:1022500001CFAC424CEA0626F7D11E6013681E443B
:102260008E4288BF0020F0BC98BF0120704700203C
:10227000F0BC70471D6013681D448D4288BF00206C
:10228000F0BC98BF012070472DE9F04F002488462C
:10229000114683462246764B764DEBB0CDE90435A8
:1022A00003F18833039303F1AE4303F5961303F66A
:1022B0008B630293A3F18833019308F1480323F061
:1022C0003F030DF1670A0DF5B679069309911146A2
:1022D0000DF127000AAB06E01BF80140013100F8C0
:1022E000014F82450BD08845F6D80CBF012400244D
:1022F000E40100F8014F824501F10101F3D1069993
:1023000040328A4200F09B8019AF384659781C78D9
:10231000090441EA0461DC780433214313F8024CD8
:1023200041EA042140F8041F29A98842EED1299BE3
:102330001BA9DDE92765DDE91A4E00E086469C46CB
:10234000CB6951F8040F4340734063404FEAF37385
:1023500049452E46744665468B63EFD10021DDE981
:10236000040EDDE90254CDE9072B019E11E0DFF8F0
:1023700008B16A4057F8043F4FEAB50C03EBF66327
:102380005B441344734401318646354620461E465D
:10239000644613290FD9272980EA0402E7D940EAC5
:1023A00004023B2902EA05020CD800EA0403DFF824
:1023B000CCB01A43DEE780EA04022A40DFF8C0B05E
:1023C0004240D7E757F8043F80EA040203EBF66384
:1023D00003F14A4303F5C50303F583436A405633CB
:1023E00001311344502973444FEAB50CCCD1DDE9D7
:1023F000072B01991944029B019133440293039BDB
:1024000063440393049B23440493059B0344059373
:10241000069B9A42FFF45BAF019B09991BBA0B60C4
:10242000029B1CBA039B4C6018BA049B88601ABAC2
:10243000059BCA601BBA0B616BB0BDE8F08F002131
:102440001AAF4FEA58764FEAC80CC1F12005A1F146
:1024500020042CFA01F006FA05F526FA04F42843C4
:1024600008312043402907F8010DEED14CE700BFA9
:1024700076543210F0E1D2C3A1EBD96EDCBC1B8FD5
:102480009979825A2DE9F04F894B8A4EE7B0CDE910
:102490000736DFF838C2884B0027CDE9053C844673
:1024A000864BDFF82CE2864CCDE9033E03F1FE4378
:1024B000A3F5E823A3F2ED430293824B0EAD019303
:1024C00001F1480323F03F0316468B4609930FCCD6
:1024D0000FC594E80F0085E80F003A4661460D9657
:1024E00010460DF1570416AB07E00D5C013004F8FF
:1024F000015F0DF19705A5420DD08345F5D80CBFBE
:1025000001250025ED0104F8015F0DF19705A542B5
:1025100000F10100F1D109984032824200F0AF8011
:1025200025A80546009026AC58781E78000440EA9D
:102530000660DE780433304313F8026C40EA06206C
:1025400045F8040F35A8A842EED1DDE934631846FA
:10255000269D2F464FEAF64354F8045F83EA7643FC
:1025600083EA96230646206A03444FEAB54080EA90
:10257000F51080EAD5000344F81856AB9C42E0639E
:10258000E7D1CDE90A21DDE90779DDE9050EDFF8BC
:1025900044C1CDF830B0DDE90358DDE9014605E07E
:1025A000774635468646264650461C46009B5CF8D4
:1025B000042F53F8041F4FEAF02A00938AEAB0135D
:1025C0000A4483EA7063134427EA000A00EA0E0211
:1025D0008AEA020A86EA05014FEAB40282EA743204
:1025E000214006EA050B534482EAB45281EA0B010A
:1025F0004B440A4403EB080A1344334AB946944552
:10260000A846CDD18446DDE90B1B01980A9A1844EF
:10261000029B019023440293039B33440393049B46
:102620002B440493059B53440593069B63440693F4
:10263000079B73440793089B3B440893099B9A426A
:10264000FFF44EAF089B0D9E1593079B0DAA1493A4
:10265000069B15A91393059B1293049B1193039B4F
:102660001093029B0F93019B0E9352F8043F1BBAE9
:10267000914246F8043BF8D167B0BDE8F08F0020E6
:102680000DF1980C4FEA5B774FEACB0EC0F12006B4
:10269000A0F120052EFA00F407FA06F627FA05F550
:1026A000344308302C4340280CF8014DEED137E775
:1026B000ABD9831F19CDE05B7F520E5172F36E3C94
:1026C0000CE6000867E6096A14F100088C68059BAF
:1026D0003AF54FA514F0000850B3B2F800C08C458D
:1026E00026D810B5A1EB0C0E1FFA8EFEBEF1010F1D
:1026F0001CD90CF1020E1FFA8EFE8E4530F80CC06C
:10270000A2F800E012D89CFA9CFCA1EB0E0189B261
:102710001FFA8CF4A14209D370441860029B012077
:10272000A3F800C013881C44148010BD002010BD05
:10273000002070472DE9F043ADF5037D6C469946C6
:1027400090468A9E0F4640F201120021054620461F
:102750000BF06CFE40F20112002141A80BF066FE66
:10276000324649460DF205100BF0ECFE06F1010E63
:1027700004EB0E0108EB060200238846B81910F896
:1027800001CD12F8019D8742CC44634408F8013D15
:102790004FEA1323F3D10DF10100237041AA234620
:1027A00000EB060C02E011D863450FD013F8017B53
:1027B00012F8010B8742F6D2324628460DF101018C
:1027C0000BF0C0FE0DF5037DBDE8F083002241ABA8
:1027D00003EB0E0011F8013D10F8017DDB1B9B1A85
:1027E00046BF03F5807301220022A1420B70F1D194
:1027F000E2E700BF2DE9F0430E4694468BB0B26885
:10280000F36805460868496802AF3C46BE460FC7F4
:102810003069F3697169B2690FC70CF1FF330CF1CC
:102820001F0002E03DD898423BD013F8012F1EF85C
:10283000011B9142F6D2A0464FF0000EDFF88C90BB
:102840000CF1200CB9E80F00A8E80F0099E80F0080
:1028500088E80F000AAF17F8013D1CF8012D9B1AFC
:10286000B3EB0E0346BF03F580734FF0010E4FF03C
:10287000000EA7423B70EED120273246214620466B
:10288000114B0097FFF756FF0FCC28606960AA60D4
:10289000EB600FCC28616961AA61EB610BB0BDE808
:1028A000F08300210AAA0CF1200C12F8013D1CF85B
:1028B000010D1B1A5B1A46BF03F58073012100212D
:1028C00094421370F1D1DFE7F8EF00082CE600081E
:1028D0002DE9F04F0C461F46ADF5037D8C9E00217F
:1028E00042AD8346904602A832460BF09FFD21463A
:1028F000324628460BF026FE7B1E2A469C1902E033
:1029000031D89C422FD013F8011F12F8010B8842D6
:10291000F6D200244FEAC60A06F1FF3909E03B4629
:102920002A462946284600960134FFF703FF5445FE
:1029300010D2A9EBD40318F8033004F007021341B6
:10294000DB07ECD502A93B462A4608460096FFF76E
:10295000F1FEE4E73246584602A90BF0F3FD0DF50F
:10296000037DBDE8F08F0021AA19B81912F8013DC6
:1029700010F8014D1B1B5B1A46BF03F58073012144
:10298000002195421370F1D1C3E700BF2DE9F0415A
:1029900017469AB002AC1646054688460FCF0FC4BC
:1029A00097E80F0084E80F009DF82740012C52D9CA
:1029B000023C20220021E4B20AA88DF827400BF047
:1029C00035FD0123D8F80000D8F80410D8F8082005
:1029D0008DF84730D8F80C300DF1480CACE80F00FA
:1029E000D8F81000D8F81410D8F81820D8F81C30EF
:1029F000FF242027ACE80F0001E0013C1AD30AAA0B
:102A00003346114610460097FFF762FF1AABA3EB5F
:102A1000D40111F8411C04F0070C41FA0CF1CB076A
:102A2000EBD50AA93346084612AA0097FFF750FFD4
:102A3000013CE4D20DF1280CBCE80F00286069606D
:102A4000AA60EB60BCE80F0028616961AA61EB61D4
:102A50001AB0BDE8F0811F23FF210DF1270234B920
:102A6000013B11700BD012F8014D002CF8D06833E7
:102A7000013C6B4403F8604C9DF8274098E79DF8B3
:102A80000840F4E770B500F13F0E05467346244A4E
:102A90009AB000F15F0402E03FD8A3423DD013F8A2
:102AA00001CF12F8011B8C45F6D200201EF8012F31
:102AB000A64540EA0200F9D100282FD0202405F1D4
:102AC0004006314602A8164AFFF760FF02AA1146E7
:102AD0000AA8134B0094FFF7FBFE02AA0AA912A84A
:102AE0000F4B0094FFF7F4FE294628460AAA0C4B28
:102AF0000094FFF7EDFE29190846094B12AA00942D
:102B0000FFF7E6FE2246002130460BF08FFC012342
:102B1000184685F85F301AB070BD00201AB070BD3D
:102B2000F8EF000870B414688C4202D370BC002027
:102B30007047039D2C60651C1560045D1C70136854
:102B40009942F3D95D1C156010F903C0C45CBCF157
:102B5000000F03441ADA04F07F04661E032EE5D842
:102B60002544A942E2D30025C0F102001C44C61846
:102B7000166013F801CFA3424CEA0525F7D1059B57
:102B80001D6013681D44A94206D2CFE7059B1C6057
:102B900013681C44A142C9D30498036005980068D7
:102BA00003448B42069988BF002070BC98BF012067
:102BB0000B601360704700BF2DE9F04791F860602B
:102BC0000446D2B05EB932460D4601F11F033F31D3
:102BD00013F8010F8B4242EA0002F9D1AAB9202270
:102BE000002120460BF022FC20220021A0180BF02F
:102BF0001DFC2022002104F140000BF017FC0126EF
:102C000084F8606052B0BDE8F0874FF0200905F10C
:102C1000400805F1200742464146884B02A8CDF8FE
:102C20000090FFF755FE3A463946844B0AA8CDF886
:102C30000090FFF74DFE2946804B0AAA12A8CDF856
:102C40000090FFF745FE294602AA22A8FFF7D2FD11
:102C500029467A4B02AA2AA8CDF80090FFF76AFD10
:102C6000764B2AAA22A91AA8CDF80090FFF730FEC9
:102C700000214A464AA80BF0D9FB0325DFF8BCA186
:102C80004AA953460846CDF800901AAAFFF752FD0C
:102C9000013DF5D1CDF800900DF1680C0DF5947E55
:102CA000BEE80F00ACE80F009EE80F008CE80F00B4
:102CB0001AAA1146614B22A8FFF70AFE29462022D4
:102CC0004AA80BF0B3FB08254FF0200ADFF86C91FF
:102CD0004AA94B460846CDF800A012AAFFF72AFDE4
:102CE000013DF5D10DF1A80C0DF5947EBEE80F0065
:102CF000ACE80F009EE80F008CE80F002AAA22A97A
:102D00003AA8FFF777FD294620224AA80BF08EFB50
:102D100004254FF02009DFF824A14AA953460846AC
:102D2000CDF8009012AAFFF705FD013DF5D10DF198
:102D3000880C0DF5947EBEE80F00ACE80F009EE80D
:102D40000F008CE80F003AAA22A92AA8FFF752FD2B
:102D50003A4B2AAA1AA9CDF8009032A8FFF7B8FD7D
:102D60000AAA1146354BCDF8009022A8FFF7B0FD16
:102D7000294620224AA80BF059FB08254FF02009CC
:102D8000DFF8B8A04AA953460846CDF8009022AA19
:102D9000FFF7D0FC013DF5D122AD0DF5947CBCE8E8
:102DA0000F000FC59CE80F0085E80F0032A922AA8A
:102DB00042A8FFF71FFD4246394622A81F4BCDF817
:102DC0000090FFF7B7FC22AA1C4B11461046CDF825
:102DD0000090FFF77DFD22A908460AAAFFF70AFD29
:102DE00002AA22A94AA8FFF705FD3AAD42AF0DF5A8
:102DF000947C0FCD20606160A260E3600FCD206104
:102E00006161A261E3610FCF20626162A262E3624D
:102E10000FCF20636163A263E363BCE80F0084F813
:102E2000606020646164A264E364BCE80F00206514
:102E30006165A265E36552B0BDE8F087F8EF000870
:102E40002DE9F04791F86040054691461E46F2B0E4
:102E5000002C40F002814FF0200A0F4601F140089B
:102E600042464146A04B02A8CDF800A0FFF730FD36
:102E700049469D4B02AA0AA8CDF800A0FFF728FDFD
:102E80004146994B02AA4AA8CDF800A0FFF720FDC1
:102E9000954B31464AAA12A8CDF800A0FFF718FDBD
:102EA00007EB0A093A460AA91AA8FFF7A3FC4A4603
:102EB00012A94AA8FFF79EFC0DF167030DF18702E6
:102EC00013F8010F934244EA0004F9D19CB90DF2C2
:102ED00027130DF2471113F8012F994244EA020417
:102EE000F9D1002C40F0EA8039462846FFF764FE0D
:102EF00072B0BDE8F08720241AAA11467A4B22A8A6
:102F00000094FFF7E5FC002122466AA80BF08EFA38
:102F10000426DFF8D4A16AA953460846009422AAE1
:102F2000FFF708FC013EF6D100940DF1A80C0DF559
:102F3000D47EBEE80F00ACE80F009EE80F008CE8DE
:102F40000F002AAA1AA932A8674BFFF7C1FC4AAAA8
:102F5000114600943AA8644BFFF7ECFB39462AAAC5
:102F6000009442A8604BFFF7B3FC3AAA11465E4BAF
:102F700000944AA8FFF7ACFC4AA9084632AAFFF71A
:102F800039FC42AA584B1146009452A8FFF7D2FBD5
:102F900052AA4AA95AA8FFF72DFC5AAA42A94AA840
:102FA000FFF728FC4AAA10463AA900944E4BFFF7B7
:102FB0008FFC494632AA009452A84B4BFFF788FC7D
:102FC00052AA11461046484B0094FFF7B3FB52AA91
:102FD0004AA962A8FFF70EFC41461AAA00944AA823
:102FE000414BFFF7A7FB4AAA3F4B114610460094FE
:102FF000FFF76EFC4AA9084602AAFFF7FBFB22AACC
:103000004AA96AA8FFF7F6FB5AAF0DF5C47C6AAC73
:103010000FCF28606960AA60EB600FCF28616961FB
:10302000AA61EB61BCE80F0028626962AA62EB62E8
:10303000BCE80F0028636963AA63EB630FCC85F8D3
:10304000606028646964AA64EB640FCC28656965D4
:10305000AA65EB6572B0BDE8F08710685168D9F8D1
:103060000C30926828606960AA60EB60D9F81000A3
:10307000D9F81410D9F81820D9F81C3028616961E2
:10308000AA61EB6132687068B168F3682A626862AD
:10309000A962EB6232697069B169F3692A63686396
:1030A000A963EB632022002105F140000BF0BEF97B
:1030B0000123A5F85F3072B0BDE8F087202200211F
:1030C00028460BF0B3F920220021A8180BF0AEF926
:1030D0002022002105F140000BF0A8F9012385F81A
:1030E000603072B0BDE8F087F8EF00082DE9F041DC
:1030F0009AB080460D4617460021202201A81E46A0
:103100000BF094F92022002109A80BF08FF920225E
:10311000002111A80BF08AF90123FF248DF86430F7
:1031200001E0013C16D301A90846FFF745FDA5EBD8
:10313000D40393F81FC004F0070E4CFA0EFC1CF0E9
:10314000010FEED001A933463A460846FFF778FE54
:10315000013CE8D26122404601A90BF0F3F91AB014
:10316000BDE8F08169B12DE9F0471D46012384B027
:10317000009303780746302B05D0002004B0BDE84B
:10318000F08700207047164601AB6A46FFF744F807
:103190000028F2D0DDE9003003EB00084145ECD314
:1031A000EBD14345E9D2F85C013330280093E4D1F8
:1031B000384602ABFFF730F80028DED0009B029AB9
:1031C00013449845D9D3D8D0FA5C0133032A00932D
:1031D000D3D16A464146384603ABFFF71DF80028B5
:1031E000CBD0009A039BD11888450091C5D3C4D198
:1031F000422BC2D1B95C0029BFD1BB185B78042B2C
:10320000BBD106F1FF3C6346084602F1020E07EB14
:103210000E0457F80EA0D4F80490D4F80880D4F81F
:103220000CE0C6F800A0C6F80490C6F80880C6F8FE
:103230000CE0D4F81880D4F81CE0D4F810A0D4F82E
:1032400014902232C6F810A0C6F81490C6F8188060
:10325000C6F81CE0BC1857F80280D4F804E0A76850
:10326000E268C5F80080C5F804E0AF60EA60D4F811
:103270001080D4F814E0A769E2691F36C5F8108001
:10328000C5F814E0AF61EA6113F8014FB34240EAB8
:103290000400F9D100283FF470AF6C1E204605F100
:1032A0001F0310F8012F834241EA0201F9D10029DE
:1032B0003FF463AF104D2A4604E03FF65EAFB445DD
:1032C0003FF45BAF1CF8010F12F8011B8842F4D2E7
:1032D00002E00FD8A3420BD014F8011F15F8012B00
:1032E0009142F6D24FF0FF30431C5842584145E717
:1032F0000020F9E70120F7E7F8EF00082DE9F04F8B
:10330000ADF52F7D17461E4602AA0AABBDF8E08236
:10331000BDF8E892FFF726FF20B900200DF52F7DBC
:10332000BDE8F08FB9F1000FF7D00122B99B63928D
:103330001B78302BF1D14946B9987CAB63AAFEF7D4
:103340006BFF0028E9D0639B7C9C1C44A145E4D31F
:10335000E3D1A342E1D2B998C05C01330228639360
:10336000DBD195AD2B46B998FEF756FF0028D4D097
:10337000DDF88CB1DDF854920BEB090A5445CDF819
:103380008CA1CAD309F1FF33202BC6D820220021FB
:1033900012A80BF04BF8B9F1210F4FF0200200F00A
:1033A0002D81A2EB090012AB1844B99B4A4603EBEE
:1033B0000B010BF0C7F85445AFD0B99B13F80A20A6
:1033C0000AF10103022A6393A7D12B462146B9983B
:1033D00063AAFEF721FF00289FD0DDF88CA1DDF85D
:1033E00054920AEB09039C42639396D395D109F159
:1033F000FF33202B91D84FF0200B1AAC0021204630
:103400005A460BF013F8B9F1210F00F00381ABEB32
:1034100009002044B99B4A4603EB0A010BF092F8DD
:1034200000210DF1480C0DF147020DF1670312F870
:10343000010F934241EA0001F9D100293FF46DAF39
:10344000204600220DF1870E13F8011F734542EA52
:103450000102F9D1002A3FF460AFDFF8D4910DF1F9
:10346000680E4B4604E03FF658AFF4453FF455AFC5
:103470001CF8011B13F8012B9142F4D26C4B04F1A0
:10348000200C04E03FF649AF84453FF446AF10F806
:10349000011B13F8012B9142F4D2012F00F08F8011
:1034A00041460DF18808304642462AAFFEF7EAFF52
:1034B0004FF0200BBA4620260021324638460AF04B
:1034C000B5FF5A46414650460BF03CF82146584A53
:1034D00032A8FFF75BFA3946554B32AA3AA8009654
:1034E000FFF7F6F9524B32AA12A942A80096FFF74D
:1034F000EFF9504B504A3AA94AA8FFF7F7FD0AAB3B
:1035000002AA42A963A8FFF7F1FD6122284663A938
:103510000BF018F89DF8EC31002B41D061224AA93C
:103520007CA80BF00FF89DF85032002B7FF4F5AE1D
:103530007CA8FFF7A7FA00283FF4EFAE2E467CAF39
:103540000FCF0FC697E80F00AC4686E80F000DF5C9
:103550001D7E02E040D8E6453ED01CF8012B19F84C
:10356000013B9A42F6D2002112AA94A852F8043BD9
:1035700050F8045FA24283EA050341EA0301F5D152
:10358000C1F307200843C1F30743184340EA116021
:10359000C0B2B0FA80F040090DF52F7DBDE8F08F84
:1035A0002846FFF76FFA00283FF4B7AE9DAB2A46D6
:1035B0004AA97CA8FFF744FC9DF85032B5E7414684
:1035C0000DF1880830464246FEF75EFE4FF0140BC0
:1035D0000DF1B40A2AAF6EE772460021174812F8BF
:1035E000013D10F8016D9B1B5B1A46BF03F580730C
:1035F0000121002195421370F1D1B4E7B99B13F872
:103600000B30002B7FF489AE91460BF1010B9592A4
:1036100012A8CAE6B99B13F80A30002B7FF47DAEDE
:10362000D94620460AF1010ACDF854B2F2E600BFAD
:10363000D8EF000898EF0008B8EF0008F8EF00088E
:103640002DE9F04F0D2A85B000F097800F2A03D0A6
:10365000002005B0BDE8F08F4218947B5A2CF7D1BA
:1036600010F801C0ACF1300C5FFA8CF4092CEFD8E3
:1036700092F801E0AEF1300E5FFA8EF2092AE7D837
:103680008A1C855C0244303DECB2092CE0D85278AB
:10369000303AD4B2092CDBD80C1D075D0444303F0E
:1036A000FEB2092ED4D86478303CE6B2092ECFD8C9
:1036B0008E1D10F806900644A9F130095FFA89F8CA
:1036C000B8F1090FC4D87678303E01969DF8048091
:1036D000B8F1090FBCD801F1080A10F80A80824439
:1036E000A8F130085FFA88FBBBF1090FB0D89AF84F
:1036F00001A0AAF1300602969DF808A0BAF1090FC0
:10370000A6D801F10A0A10F80AB08244ABF1300BD6
:10371000CDF80CB09DF80CB0BBF1090F98D89AF811
:1037200001A0AAF1300B5FFA8BFABAF1090F8FD81A
:103730000C3110F801A00844AAF1300A5FFA8AF1AE
:10374000092985D840783038C1B2092980D80A21A2
:1037500001FB0522019D01FB0CEE01FB0956029DB8
:1037600001FB074401FB0858039D01FB05B701FB62
:103770000A01642000FB0E228DE04218147B5A2CB3
:103780007FF466AF455C303DECB2092C3FF660AF8C
:103790005278303AD4B2092C3FF65AAF8C1C065DF1
:1037A0000444303EF7B2092F3FF652AF6478303C04
:1037B000E7B2092F3FF64CAF06EB860604EB460452
:1037C0000E1D875D0644303F5FFA87FCBCF1090F90
:1037D0003FF63EAF7678303E5FFA86FCBCF1090FCB
:1037E0003FF636AF07EB870701F1060C06EB4706FD
:1037F00010F80C708444303F5FFA87FEBEF1090F69
:103800003FF626AF9CF80180A8F130085FFA88FCEB
:10381000BCF1090F3FF61CAF07EB870708EB470821
:1038200001F1080710F807C00744ACF1300C5FFA4B
:103830008CFEBEF1090F3FF60BAF7F78303F5FFA89
:1038400087FEBEF1090F3FF603AF0A310CEB8C0C7B
:1038500007EB4C0710F801C00844ACF130015FFAE7
:1038600081FCBCF1090F3FF6F3AE407830385FFAC7
:1038700080FCBCF1090F3FF6EBAE05EB850502EBD2
:103880004502312A01EB810100EB410194BF02F5B1
:10389000FA6202F26C72601E0B283FF6D9AE013E4E
:1038A0001E2E3FF6D5AEB8F1170F3FF6D1AE3B2F27
:1038B0003FF6CEAE3C293FF6CBAE022C98BF013A84
:1038C000551C39D04FF4C87592FBF5F5032C34BF65
:1038D00009206FF00200DFF874C00CFB05220444DD
:1038E00099204FF0640C00FB04F4052040F26D1E9B
:1038F000B2FBFCFC0234B4FBF0F490080EFB0202B5
:1039000032441048A2EB0C02224400FB0522A2F52F
:103910002F22A2F66C22002AFFF69AAE3C204FF42A
:10392000616600FB07F406FB0844074D214405FBD4
:10393000021201201A608CE61546092040F28F120F
:10394000CDE700BFB13A02008051010070FEFFFFD9
:1039500069B12DE9F0411D46012386B0009303783B
:103960000746302B05D0002006B0BDE8F0810020CE
:103970007047164601AB6A46FEF74EFC0028F2D0AF
:10398000DDE9003003EB00084145ECD3EBD14345C2
:10399000E9D2F85C013330280093E4D1384602AB19
:1039A000FEF73AFC0028DED0009B029A13449845AB
:1039B000D9D3D8D0FA5C0133032A0093D3D16A4615
:1039C0004146384603ABFEF727FC0028CBD0009BCE
:1039D000039A9C18A0450094C5D3C4D1002AC2D034
:1039E000FA5C002ABFD15A1CA242BCD2BA5C023394
:1039F000302A0493B7D1384601AB04AAFEF70CFC79
:103A00000028B0D0049B019A03EB02084445AAD3D6
:103A1000A9D14345A7D2FA5C0133022A0493A2D16B
:103A20004146384605AB04AAFEF7F6FB00289AD0BB
:103A3000DDE90413CC18A045049494D340F201129C
:103A4000934235D0B3F5807F8DD130464FF48072EC
:103A500039440AF077FDA04585D03B5D0134022B47
:103A6000049480D14146384605AB04AAFEF7D4FB46
:103A700000283FF478AFDDE9043299188845FFF457
:103A800072AF7FF470AF013A032A3FF66CAF0022A9
:103A900010463B442A60474413F8012B42EA0020B9
:103AA0009F422860F8D1A0F10113584258415BE7CA
:103AB0007B5C002B7FF457AF4FF48073013105938B
:103AC000C3E700BF2DE9F041ADF54C7DBDF850C313
:103AD000BDF84863BCF5807F04D000200DF54C7D17
:103AE000BDE8F08115461C460CAA03ABFFF730FF7A
:103AF0000028F2D004AF012D3A463146204658D076
:103B0000FEF7C0FC20264FF48072D3998CA80AF0EF
:103B100019FD10244FF480758CAA114610460CAB89
:103B20000095FEF7D5FE013CF6D18CA908460CABFA
:103B30000095D39AFEF7CCFE8CA94FF480724CA866
:103B40000AF000FD1D4B142E1D4918BF19469DF8A3
:103B500030310CBF0F251325002BBED19DF831311C
:103B6000012BBAD1AA19C2F1FD080DF2311303EBF2
:103B7000080413F8010FFF28AFD19C42F9D1C2F11C
:103B8000FF034CA8C35C002BA7D1C2F58072104480
:103B90002A460AF03BFC00289FD1E81C4CAB40446D
:103BA0003246394618440AF031FCB0FA80F0400938
:103BB00094E7FEF769FB1426A5E700BF64EF000851
:103BC00054EF00082DE9F04FADF5017D8B9D049376
:103BD000002B00F0AA808A9B002B00F0A680002D0D
:103BE00000F0A3808C9B002B00F09F8000231446E4
:103BF00010220F468A992B700B808C99012806465B
:103C00000A7055D0032840F075831CAEADF82630FD
:103C10002146384600961EAB0DF12602FEF75CFDEC
:103C2000002800F0E6821DAB00933846214626AB03
:103C3000FEF752FD002800F0DC82BDF82630A342DA
:103C400040F0D7823C4C1E9F2378BDF870805BB358
:103C500063784BB3D4F80B20D4F80F10374B0DF525
:103C6000807C059206910FCBACE8070094F802E047
:103C7000D4F803A0059A0699D4F80790BEF1010F75
:103C8000ACF8003004F10306B4F814B2CDF80EA17C
:103C9000CDF81291CDF81621CDF81A1100F043831A
:103CA000BEF1020F00F0578335238C9A13703CE06D
:103CB000002F00F09E82042C40F29B820DF1220521
:103CC000ADF826002146384600950AAB0DF12602D4
:103CD000FEF702FD002800F08C8209AB0093384605
:103CE00021460BABFEF7F8FC002800F08282BDF8FD
:103CF0002630A34240F07D820A9CBDF822705CB160
:103D0000482200212EA80AF091FB7F2F04D901221E
:103D100023780C92302B13D040F216220021064853
:103D20000AF084FB13238C9A13704FF0FF300DF5CB
:103D3000017DBDE8F08F00BFE0280320F0E6000819
:103D4000394620460DAB0CAAFEF766FA0028E3D0F0
:103D5000DDE90C531D44AF42DED3DDD10DF1540932
:103D600014AF0DF14C080DF1480A2046CDF80C9027
:103D70000297CDF80480CDF800A00DF12103FEF7E5
:103D8000D1FE0028C8D09DF82130302BC4D1129B21
:103D900015990DF16409C91A23443C9318AB029399
:103DA0000DF1580A17ABADF8F410019329462046DF
:103DB000CDF80C90CDF800A00DF12103FEF7B2FE76
:103DC0000028A9D09DF82130302BA5D1DDF858A0CE
:103DD000199BB3EB0A099FD0012214F80A301E92F6
:103DE000302B04EB0A0B97D14946584626AB1EAA46
:103DF000FEF712FA00288FD01E9B269818448145A2
:103E00008AD389D14B4587D21BF80300013306289A
:103E10001E9381D1584640ABFEF7FEF900283FF4CF
:103E20007BAF1E9B409A991889451E91FFF474AF91
:103E3000092A00F09C82072A40F0D5820020AC4A73
:103E40000BEB030102F1070C12F801EF11F8013B33
:103E5000624583EA0E0340EA0300F5D100287FF4AF
:103E60005BAF012202238DF8C1300DF1440A1BAB78
:103E70000DF1680B0DF138098DF8C2200293294627
:103E80002046CDF80CA0CDF804B0CDF800900DF18F
:103E900021030CAAFEF746FE00283FF43DAF9DF833
:103EA0002130032B7FF438AF0C9BAB427FF434AF4F
:103EB0001B9A012A7FF630AF1A9BE15C00297FF440
:103EC0002BAFD8F800103D6801330D442344013A6C
:103ED000A9423E93ADF8FC201C9103D2635CA02B59
:103EE00000F00C820DF140080FAF29462046CDE9C5
:103EF000028ACDE900970DF121031CAAFEF712FEFC
:103F000000283FF409AF9DF82130022B7FF404AF65
:103F100029462046CDE9028ACDE900970DF121031B
:103F2000FEF700FE00283FF4F7AE9DF82130302B5D
:103F30007FF4F2AE29462046CDE9028ACDE900970A
:103F40000DF12103FEF7EEFD00283FF4E5AE9DF8EC
:103F50002130302B7FF4E0AE29462046CDE9028A9D
:103F6000CDE900970DF12103FEF7DCFD00283FF4B9
:103F7000D3AE9DF82130302B7FF4CEAED9F800308F
:103F8000DAF80020B2EB030B3FF4C6AE01221E921A
:103F9000E25CE318302A05937FF4BEAE59460598DB
:103FA00026AB1EAAFEF738F900283FF4B5AE1E9BDB
:103FB0002698181883450690FFF4AEAE7FF4ACAE99
:103FC0008342BFF4A9AE0598C05C01331E93A0F1F3
:103FD0001703012B3FF6A0AE059840ABFEF71CF986
:103FE00000283FF499AEDDF878B0409A594605981C
:103FF0002EAB0792FFF724FB00283FF48DAE079A03
:104000000BEB0203069A9342BFF486AE059AD25C8C
:1040100001331E93A2F11703012B3FF67DAEDDF8AD
:1040200018B00598594640AB1EAAFEF7F5F80028CF
:104030003FF472AE1E99409A8B185B457FF46CAECC
:1040400005982FABFFF7FCFA00283FF465AE294630
:104050002046CDE9028ACDE900971CAA0DF1210383
:10406000FEF760FD00283FF457AE9DF82130302B5D
:104070007FF452AE29462046CDE90178CDF80CA058
:10408000CDF800900DF12103FEF74CFD00283FF420
:1040900043AE9DF82130302B7FF43EAED9F800308E
:1040A000DAF800501C44ED1AADB26B1EB3F5007F78
:1040B0003A94ADF8EC50BFF42FAE2946204640AA02
:1040C0001DABFFF745FC002800F00981204629467A
:1040D000084C0DF1C3028DF8C060FEF7D3F90DF165
:1040E000C3039DF8C18004F5C877399308E000BF89
:1040F00077EF000818F100081434BC4200F06B811F
:1041000065794545F8D1A668B4F80C90D4F810A0AC
:104110004946304640AAFEF7B5F900215246A4466A
:1041200040A80AF1200E52F8043B50F8044B7245A7
:1041300083EA040341EA0301F5D1C1F307230B43EA
:10414000C1F30742134343EA1163DBB26446002B19
:1041500047D1012D9DF8C2203C9BBDF8F4103E983C
:10416000BDF8FCC047D0022DC6D1CDE9010C0091AD
:1041700030464946FFF7C2F80028BDD0DDE92E23BE
:104180009A422ED8A8498A422BD8A84A934228D9C5
:104190009DF8C0707B1E012B00F21D81DDF8E880C8
:1041A000BDF8EC501EAA29464046FEF76BF90022E6
:1041B0000DF1C3061EA90DF1E30456F8043B51F8B6
:1041C000040BA64283EA000342EA0302F5D1C2F3DC
:1041D00007231343C2F307410B4343EA1263DBB2E5
:1041E0008BB140F21622002191480AF01FF93323C7
:1041F00099E5132397E5CDE9010C00913046494636
:10420000FFF760FCB8E7012F00F0DA80294640464E
:1042100040AB26AAFEF7A6FF0028E2D0854E06F1A5
:10422000C80C002156F8042B1EA802F1200E52F8EB
:10423000043B50F8044B724583EA040341EA03014E
:10424000F5D1C1F307230B43C1F30742134343EAFC
:10425000116313F0FF0302D0B445E2D1C1E7B5F515
:10426000007F194600F2B380714C40F216222046BE
:1042700004F113060AF0DAF82A46414630460AF0FD
:1042800061F90123A770274607F8033BA4F81452ED
:104290003D46FDF7B3FF00BA45F8040BAE42F8D136
:1042A00001231022049D6370634B2A712B60BA684E
:1042B00000237868F968D4F80340C5F80D20172268
:1042C000C5F80540C5F80900C5F81110A5F8153066
:1042D00000208A9B1A800DF5017DBDE8F08F2946EC
:1042E000204626AB1EAAFEF73DFF00283FF414AD82
:1042F0000226EBE612238C9A137016E50DF14008A6
:104300000FAF29462046CDF80CA0CDF80090CDF88F
:10431000088001970DF121031CAAFEF703FC002879
:104320007FF4E3ADF8E41E2259460092CDE901780E
:10433000022240AB06F11000FFF7C4FB00283FF457
:10434000B3AC0023012063703C4928700498052217
:1043500001600371BCE706F110001E267246594643
:10436000CDE9017840AB0096FEF7C8FFE6E7591E9D
:10437000594408464FF0000C0833DFF8CCE05B44AA
:1043800010F8012F1EF8019F984282EA09024CEAB8
:10439000020CF5D1BCF1000F42D00020DFF8ACC018
:1043A00011F8012F1CF801EF994282EA0E0240EA4F
:1043B0000200F5D100287FF4AFAC0123022252E5C0
:1043C0002946404626AB40AAFFF7C2FA24E731232C
:1043D0008C9A1370A9E440F21622002114480AF0C6
:1043E00025F835239FE4082A7FF496AC9A4404EB21
:1043F0000A035B68124A54F80A105A40114B4B40AA
:104400001A43C2F307231343C2F307410B4343EAA2
:104410001263DBB2002B7FF47FAC02231A4622E545
:1044200001231A461FE500BF00D2496BFFD1496B3B
:10443000E0280320A8F200086901110069031200B6
:104440003D0403022A8648CE8BEF00087FEF000868
:104450002DE9F04100261027ADF5805D86B00129D9
:104460000446ADF816608DF814608DF815701AD9F1
:10447000407810F07F0543D03A4F97F80080B8F1AC
:10448000030F13D07F207E250321374B374A1B684B
:104490001268187020789D70587011800DF5805D3D
:1044A00006B0BDE8F0817F201325EDE70DF115037F
:1044B000029305AB8A1E01930DF116030093284663
:1044C00092B206ABA11CFFF77DFB002836D19DF808
:1044D000143023B10223C7E90300B8613B7794F994
:1044E0000130002BDADBBDF816402CB11E4B224602
:1044F000186806A90AF026F81C4B1B681C80CDE73B
:1045000040F2162229461A4809F090FF6922154BFD
:10451000ADF81820C3E903555D611D779D6194F9DD
:104520000130002BBADB03210F4B104A1B68BDF88A
:104530001800126818809F701180AFE77F21BB6957
:104540000A4A0133BB617B683E777B61064B9DF86D
:1045500015001B6812681970217898705970A2F8BC
:1045600000809BE7B8280320DC280320D8280320FC
:10457000E028032010B5024600244FF0010C074B41
:1045800007490848C3E904441C77DC6083F800C08D
:104590009C615A60FDF7F2FA204610BDB82803204E
:1045A0007C000320549F01200C4B01461A78032AFB
:1045B00002D00B48FDF772BC41F288305A688A1A63
:1045C0008242F6D90120002218700548C3E903226F
:1045D000C3E9052259601A77FDF760BCB8280320AB
:1045E000549F01200146024A0248FDF765BC00BF06
:1045F000A0000320549F012040F2E37C2DE9F0410C
:1046000000260446006882B060450F4698468DF843
:104610000560ADF8066007D040F2DF7398423BD0EA
:10462000002002B0BDE8F081E068154600F0BCF95A
:104630003A4C01462B4620463A46FDF7C3FA257808
:10464000022DEDD14FF0FF3301220DF10501D8F815
:1046500000008DF8056008F07FF82A464FF0FF3320
:104660000546A11CD8F8000008F076F802464FF085
:10467000FF331544D8F80000628804F10D0108F0FA
:104680006BF8638805440333AB4201D0FCF798FC18
:10469000002323700120C4E7E06800F085F90028BA
:1046A000BED03D78002DBBD005F0080353EA1513AA
:1046B000B6D1E06800F078F9431E9D42B0D80122DF
:1046C00017F8014B4FF0FF330DF1050104F00F0413
:1046D000D8F800008DF80520ADF8064008F03CF849
:1046E0004FF0FF33022204460DF10601D8F8000016
:1046F00008F032F802464FF0FF3314443946D8F838
:104700000000BDF8062008F027F8BDF80630044484
:104710000333A342BED0FCF753FCBBE7549F0120F8
:104720002DE9F0470027A2B02A9EDFF86892DFF853
:104730006882DFF868C20D4637801C461146C8F80B
:104740000060CCF80400C9F800306AB12B780F2B58
:1047500016D9292B29D01BD8102B2FD0222B2AD1A8
:10476000032A4AD07F2201E07F22297013210323EC
:1047700022702A78A1706270338022B0BDE8F08781
:1047800033462246284622B0BDE8F047FDF7E2BB9B
:104790003E2B10D1022AE5D16B78002B00F09080DF
:1047A000802BEAD07F221221E1E7284622B0BDE823
:1047B000F047FFF74DBE7F221121D8E7022AD1D161
:1047C0006B7803F07F03022B00F08A80032B7DD0EF
:1047D000012BE7D1CCE90377CCE905778CF81C7085
:1047E0008CF8003095F901306A78002BC5DB502138
:1047F0000223627021703380BFE744F24E4AB5F85D
:10480000012095F801E053BA5245A8789BB270D0C8
:1048100003F67C6292B2082A0BD8A3F57143843B5D
:10482000082B06D8DFE803F03C052F270505050512
:1048300008007F2231219AE70C224F490DF10B002D
:1048400000F0BAF80F272B78D9F80040D8F80060AC
:1048500040336A788DF80830AB788DF809208DF8F0
:104860000A3002ABE11913F8012B04F8012B8C423A
:10487000F9D1378081E7042240490DF10B0000F0A7
:104880009BF80727DFE79CF8003004278DF80B30F2
:1048900062238DF809E08DF80A008DF80830E0E712
:1048A0000C2237490DF10B0000F086F82023092275
:1048B000344906A88DF81730192700F07DF8C2E7B3
:1048C0007E2323706B786370328056E72E4A928A7B
:1048D00092B2B2F5805FFFF47DAF7F22882147E777
:1048E000294A928A92B2B2F5805F15D37F222221A3
:1048F0003DE7264B9CF81C201B78022ADBB28DF882
:1049000007309DF807301AD07F23332223702B788D
:10491000A2706370318030E7CCE90377CCE905778A
:104920008CF81C7095F901206978002A8CF8003009
:10493000FFF623AF50226170227033801DE73A46A4
:10494000134B01E07D2A13D013F8011F17460132E3
:104950000029F7D10E490DF10B0000F02DF82B784E
:104960000437D9F80040D8F800604033BFB270E790
:104970007F221421FBE600BF9005FA0B18E7000820
:1049800000E700080CE7000854000320240C01088D
:10499000E4E60008DC280320D8280320B8280320F8
:1049A000FFF7BEBE704700BF014BC0B2185C704736
:1049B000400C0108704700BF4AB1013A4B1E013854
:1049C000114413F8012F8B4200F8012FF9D17047E1
:1049D0004FF47A7202FB00F0024BA3FB0030800917
:1049E00007F0DCB9D34D621000220146034B10469C
:1049F000C3E903221A7059601A817047002B032003
:104A0000084B1A785AB14EF660215A68821A8A42C7
:104A100005D90022C3E9032258601A701A810020C8
:104A2000704700BF002B032038B5D0B20C46FFF70B
:104A3000C1FF074DE86002E00A2007F0AFF9214608
:104A40002846FCF719FD0028F6D1012038BD00BF2B
:104A5000B401032040F2565230B51C46036883B0BF
:104A6000934202D0002003B030BDC0680D46FFF76E
:104A70009BFFADF806000028F4D04FF0FF33022270
:104A800020680DF1060107F067FE84464FF0FF3302
:104A900020682946BDF80620644607F05DFEBDF893
:104AA000063004440233A34201D10120DBE7FCF7C6
:104AB00087FAFAE72DE9F041069EDFF85481504F5E
:104AC000504D3E606860C8F8003042B10C46FF218E
:104AD00019702178FF290ED02878012801D0BDE86F
:104AE000F081F53909291BD8DFE801F0203C1A1ABA
:104AF0001A2B1A5A4452012A01D06278DAB90022DC
:104B000001214FF4807408203F4FC5E903222A8118
:104B10002970C3F80170A3F80540D9713080DEE731
:104B200042F2FE01022219803280D8E7012A1BD00E
:104B3000617807293FD942F2FE2102221980328092
:104B4000CDE7012A10D06278002AF4D14FF08060BE
:104B50000821A3F80520DA712C4AC3F8010031803E
:104B60002A61BCE7082A20D042F2FE1102221980F5
:104B70003280B4E7002159702A7A0620013A18BF22
:104B800001221201D970197159719A703080A6E70B
:104B900000230122C5E903332B702B8132809EE76D
:104BA000FE2102221980328099E7012263681BBA34
:104BB0002B61328093E728690144FDF7DBF9012876
:104BC00008D042F2FE200222D8F800103B6808808C
:104BD0001A8084E7FF23D8F800000370617859B188
:104BE00000232A6912780133DBB2C2542A690132E8
:104BF0002A6161789942F5D83B68013119806EE7E6
:104C0000F82A0320002B032000000808500C01089C
:104C1000FC2A032010B50F4B82B0186E002240F022
:104C2000010018661C6E072104F001040094009C2A
:104C30009C6D6FF0010044F080549C659B6D03F007
:104C400080530193019B01F0CBF802B0BDE8104006
:104C500003F0B0BC0010024070B500210446ACB0B7
:104C6000942207A8CDE90211CDE90411069109F0BB
:104C7000DDFB324B22689A4201D02CB070BD032379
:104C80004FF480424FF08051CDE907230993182259
:104C900011232791CDE90A23022108224FF08073C6
:104CA00007A8CDE90D230C9104F060FB00283BD14F
:104CB000234B0026DA6C02A942F40052DA64DA6C63
:104CC000204D02F400520092009ADA6C42F0010288
:104CD000DA64DB6C322203F00103019303230198B1
:104CE0001948CDE90223049601F078FF80224FF4A1
:104CF00080730521C5E903626B614FF48062202354
:104D0000C5E9011611492846C5E906232E62296026
:104D100001F064F970B910210A4801F011FB30B9B3
:104D20002565AC622CB070BDFCF74AF9C0E7FCF712
:104D300047F9F5E7FCF744F9EDE700BF00800242D0
:104D400000100240B826032000000242080402407E
:104D5000094B02689A4200D07047A3F500539A6C41
:104D600082B042F480529A649B6C03F480530193A6
:104D7000019B02B0704700BF0030024000000000FD
:104D800010B500210446ACB0942207A8CDE9021169
:104D9000CDE90411069109F049FB274B22689A429C
:104DA00001D02CB010BD4FF000724FF0807307A8F7
:104DB0000792219304F0DAFA002832D19FED1A6BA2
:104DC0009FED1B7B09241D4B02A9DA6D1C4842F4A0
:104DD0000072DA65DA6D02F400720092009ADA6C01
:104DE00042F00202DA64DB6C8DED026B03F0020329
:104DF00001938DED047B019B069401F0EFFE0022F0
:104E00000521272000F0ECFF272001F025F80022E3
:104E10000521282000F0E4FF282001F01DF82CB027
:104E200010BDFCF7CDF8C9E7000300000200000048
:104E3000000000000000000000A40040001002403C
:104E40000004024208B502680A4B9A4200D008BD2D
:104E5000094A4FF44071D36D084823F40073D365B9
:104E600001F0CCFF272001F005F8BDE8084028201C
:104E700001F000B800A4004000100240000402420B
:104E800010B50446A6B09422002101A809F0CEFA7C
:104E9000114B22689A4201D026B010BD4FF48023F6
:104EA00001A8019304F062FA98B90C4B0022D86C67
:104EB000052140F48020D864DB6C5E2003F480235D
:104EC0000093009B00F08CFF5E2000F0C5FF26B031
:104ED00010BDFCF775F8E8E700080C42001002402E
:104EE000F0B50024414B026889B09A42CDE90244F2
:104EF000CDE90444069401D009B0F0BD03F5EC33CC
:104F00009A6D052642F480429A659A6D032702F451
:104F100080420092009ADA6C054642F00202DA649E
:104F2000DB6C4FF4204203F002030193022301994A
:104F30002F4802A9CDE90223CDE9057601F04EFE06
:104F400002224FF48043CDE902320123284802A90E
:104F500006960493059701F041FE80230E2110224E
:104F6000244EC6E90343244B3046C6E90112C6E984
:104F70000544C6E90744336001F030F848BB10210E
:104F80001C4801F0DDF968BB002380220D211B4C79
:104F90006E65C4E90233C4E90423C4E9063323621D
:104FA000174B2046B5626160236001F017F8B0B975
:104FB0001021124801F0C4F970B9002205213C20EB
:104FC000AC65A56200F00CFF3C2000F045FF09B085
:104FD000F0BDFBF7F5FFD2E7FBF7F2FFEDE7FBF7DC
:104FE000EFFFE5E7FBF7ECFFCEE700BF003800403E
:104FF0000004024268240320080002400024032029
:105000001C00024000B5036887B0B3F1804F0ED09A
:10501000304A93423BD0304A934216D02F4A9342B3
:1050200028D02F4A934247D007B05DF804FB03F520
:1050300004339A6D42F001029A659B6D03F00103FF
:105040000193019B07B05DF804FB264B0022986D8D
:10505000052140F0200098659B6D322003F020036D
:105060000393039B00F0BCFE322007B05DF804EB15
:1050700000F0F2BE1B4B1A6E42F400321A661B6E31
:1050800003F400330493049B07B05DF804FB154B55
:105090000022986D052140F0100098659B6D31202D
:1050A00003F010030293029B00F09AFE312007B038
:1050B0005DF804EB00F0D0BE0A4B1A6E42F4802279
:1050C0001A661B6E03F480230593059B07B05DF8F9
:1050D00004FB00BF001000400014004000440140E9
:1050E000004801400010024010B500210446ACB059
:1050F000942207A8CDE90211CDE90411069109F027
:1051000095F9214B22689A4201D02CB010BD4FF482
:10511000005307A8079304F029F950BB9FED166BC5
:105120009FED177B0A22194C02A9E36C184843F043
:105130000103E364E36C8DED026B03F00103009364
:105140008DED047B009B069201F048FDE36D00228B
:1051500043F40013E365E36D052103F400130193A9
:105160004920019B00F03CFE492000F075FE2CB068
:1051700010BDFBF725FFD1E700180000020000007A
:10518000000000000000000000D4004000100240B9
:105190000000024210B5014688B000222A2000F02B
:1051A0001FFE2A2000F058FE154B01A91A6E03A815
:1051B00042F400621A661B6E124C03F40063029301
:1051C000029B03F0CBFF03F0B1FF0346002140F246
:1051D000E7300D4A2161A2FB0323A1609B0C0B4920
:1051E000E060013B20462160636005F0B1F910B139
:1051F000012008B010BD204604F096FF08B010BD95
:1052000000100240142B032083DE1B43002C0140BE
:10521000FEE700BFFEE700BFFEE700BFFEE700BFFE
:10522000FEE700BF704700BF014801F017B800BF9C
:1052300068240320014801F011B800BF00240320B6
:10524000014801F003BC00BF30260320014801F0F3
:10525000FDBB00BF30260320014805F05DB800BF4C
:10526000142B0320014805F057B800BF6823032022
:10527000014805F051B800BF1C230320014801F08C
:105280006BBE00BFDC250320014802F00FB800BF51
:10529000DC250320014804F05DBE00BFD0240320BC
:1052A000014805F023BA00BF48250320014802F059
:1052B00037BA00BFA81F0320014800F0CFBF00BFCE
:1052C000B8260320014804F05FBB00BF342503204B
:1052D000034AD2F8883043F47003C2F8883070472C
:1052E00000ED00E0254B25491A682548120754BFF8
:1052F000D3F894301B688A6858BFC3F3032302F0C5
:105300000C0248BFC3F30313082A50F823300FD010
:105310000C2A0FD01B49042A08BF0B46174A1A480B
:1053200092681A49C2F30312825CD3400B60704743
:10533000174BF3E7C868CA6800F00301C2F3031211
:10534000022902F1010211D0032913D0B3FBF2F1BB
:105350000A4AD368D268C3F3062301FB03F3C2F3FE
:10536000416201325200B3FBF2F3D7E70549B1FBCA
:10537000F2F1EDE70649B1FBF2F1E9E70010024076
:10538000580C01080024F400A00C0108D8010320E7
:1053900080969800DFF834D0FFF79AFF002103E0F1
:1053A0000B4B5B58435004310A480B4B42189A424E
:1053B000F6D30A4A02E0002342F8043B084B9A4223
:1053C000F9D309F099F8FBF791FAFEE70000042001
:1053D000C80C010800000320380203203802032013
:1053E00098580320FEE70000042010B500F0E6FC0A
:1053F000FFF778FF0020FFF7CDFE10B10124204613
:1054000010BD0446FFF706FC204610BD034A044BBE
:1054100011681B780B441360704700BF602B03209A
:10542000DC010320014B1868704700BF602B03208C
:10543000002330B583B00193002800F09880856D7B
:105440000446002D00F09880226893689D0005D5E1
:10545000936823F0204323F03F0393609368D800C0
:1054600019D45A4B5A481B6891689B09A0FB030347
:1054700021F010419B0921F03F0101335B0041F015
:10548000805191600193019B2BB1019B013B0193E2
:10549000019B002BF9D19368D9006BD40120A36D37
:1054A00043F01003A365E36D0343E365936813F0D2
:1054B000040FA36D57D1DB0655D4A36D23F481737C
:1054C00043F00203A3659368DD0708D4414B9B6852
:1054D00013F0010F404B9B6801D1D9075FD5E568F8
:1054E000636B94F820102B43A568012943EA050358
:1054F000657E43EA453343EA01434BD0A16A21B1BB
:10550000E56A01F4707129430B43D568334929409A
:105510001943D16093681B0716D494F83030257E68
:10552000D1685B0043EA8533E56C21F4804121F0CA
:1055300006012B430B43D36094F83830012B36D04F
:10554000136923F0010313612369012B1AD0136B34
:1055500023F00F031363A36D23F0030343F0010350
:10556000A36503B030BDA36D43F01003A365012014
:1055700003B030BD002099E7FFF76EFBE56584F8C6
:10558000545061E7116BE36921F00F01013B0B43BC
:105590001363E0E7616A013943EA4143AEE710492A
:1055A00065688B6823F47C132B438B6097E7116944
:1055B000E36B256C6FF38A012B430B43616C0B4348
:1055C000A16C0B4343F001031361BDE7D801032035
:1055D000632D3E05008002420081024207C0F0FFB9
:1055E00000830242704700BF704700BF08B5806A61
:1055F000FFF7FAFF08BD00BF704700BF836A10B510
:105600009A6D12F0500F9A6D1DD1196842F4007214
:105610009A650A6812F0080FCA681BD012F4406F2E
:105620000DD1CA6894040AD49A6D22F480729A65E6
:105630009A6DD10403D49A6D42F001029A6518461E
:10564000FFF7D0FF10BDD2060AD4BDE810401B6D95
:10565000DB6B18479007E7D51846FFF7C3FFF1E764
:105660001846FFF7C9FF10BD806A08B5836D43F087
:1056700040038365C36D43F00403C365FFF7BCFFBC
:1056800008BD00BF0022F0B583B0019290F854200D
:10569000012A00F0F480034601201A6883F85400C0
:1056A0009068400709D501209A6D42F020029A6562
:1056B000002283F8542003B0F0BD1F24486802F193
:1056C000300500F01F0C4FEA901E08680EF00C0E1B
:1056D000C0F3846000FA0CF004FA0CFC55F80E409C
:1056E00024EA0C0C40EA0C0045F80E00906810F01B
:1056F000040F906835D1070733D4072408688D68F4
:10570000C0F30456B440C00DB5F1004F6FEA040475
:1057100000F0040000F0008102F11407B5403E588B
:1057200034402C433C50506920F000405061D1E996
:105730000464042ED568086800F0BB80C5F3C10579
:105740006D0002F1600757F826C0AC40BA4D00F07A
:10575000F8400CEA050505432C4344F0004447F8A3
:1057600026409068C60738D4CE680C68B348D2F893
:10577000B05006F01807F840C4F31207204025EA9D
:1057800007052843C2F8B000AD48864227D0AD498E
:105790000C4222D0AC48AD4986688D68ED0771D4C3
:1057A000AB4DAD68EF073FF57EAFAA4D06F0E07751
:1057B000AC4200F06981A84DAC4200F08981A74D50
:1057C000AC420AD1740208D48A4206D1826822F01F
:1057D000E0723A4342F480028260002068E7002FC2
:1057E00053D094FAA4F0002800F0A080B0FA80F022
:1057F000013000F01F00092840F2988094FAA4F0CC
:10580000002800F08181B0FA80F00130800600F0BD
:10581000F84094FAA4F5002D00F06A810126B5FA4B
:1058200085F5354405F01F0506FA05F5284394FA79
:10583000A4F4002C00F05A81B4FA84F56FF01D0630
:105840000324013505F01F0514FB0564240544F00D
:10585000007407272043C50D8E6805F0040502F18A
:10586000140C5CF80540C0F30450864007FA00F0C1
:1058700024EA000030434CF805000C6887E702205A
:1058800003B0F0BD724A92680DE70120A40E013406
:1058900004F01F06A40604F0F845B040092E06EBFC
:1058A000460440EA050066D91E3C240544F0007415
:1058B000CFE7146E146EC0F31205C4F38464002D98
:1058C0005BD1C0F38466B44200F08F80546E556E95
:1058D00002F16004C5F3846502F1640CB54200F086
:1058E000BF80A568A56804F10807C5F38465C0F307
:1058F0008466AE4200F08D80E568E56804F10C0630
:10590000C5F38464C0F38460A0427FF42AAF30689A
:1059100020F00040306024E702F1140635582C4096
:105920003450506940F00040506100E794FAA4F010
:10593000002800F0F180B0FA80F00130800600F01D
:10594000F84094FAA4F5002D00F0E4800126B5FAA1
:1059500085F5354405F01F0506FA05F5284394FA48
:10596000A4F4002C00F0D380B4FA84F4013404F0E1
:105970001F0404EB440424056BE790FAA0F51DB165
:10598000B5FA85F5AC4230D0546E556E02F1600424
:10599000C5F3846502F1640C90FAA0F604F10807DF
:1059A000BE46002E00F0AB80B6FA86F6AE4259D065
:1059B0003D683D68C5F3846590FAA0FC04F10C06CF
:1059C000B646BCF1000F00F09580BCFA8CFCAC45EB
:1059D00021D034683468C4F3846490FAA0F00028BD
:1059E0003FF4BFAEB0FA80F08EE71446106E02F1BD
:1059F000640C20F0004044F8600F506E0868556E4B
:105A0000C0F31206C5F38465002EC5D1C0F38466C9
:105A100064E704F10C0E3868764620F000403860E8
:105A2000E0680868E468C0F31205C4F38464002DDC
:105A30003FF468AFD1E700BF00F0FF03FFFF0700AE
:105A400000007F4000000880008302420080024284
:105A500000810242000052C7000084CB0100008098
:105A600004F1080EDCF80000774620F00040CCF886
:105A70000000A0680868A568C0F31206C5F3846535
:105A8000002E3FF434AF97E736023FF5A6AE8A42C8
:105A90007FF4A3AE8268224922F0E0723A4342F4D6
:105AA000000282600A681F499209A1FB0212920952
:105AB000013202EB420292000192019A002A3FF465
:105AC0008CAE019A013A0192019A002AF9D184E63A
:105AD000F5013FF582AE8A427FF47FAE826822F004
:105AE000E0723A4342F08072826076E60E4CB0E695
:105AF00002259BE6E568E468C4F384646DE7A56865
:105B0000A568C5F3846557E74FF0806081E64FF4E0
:105B100040149EE6022521E74FF0806011E700BFA8
:105B2000D8010320632D3E05000050FE002370B510
:105B300082B0019303689A68D2072CD49968284AE6
:105B4000044611422AD19A68264922F0004222F0E6
:105B50003F0242F001029A608B681B0229D4FFF7D2
:105B600061FC236805461A68D60714D41E4E9A684D
:105B7000D00704D49A68324042F001029A60FFF7DD
:105B800051FC431B022B236802D91A68D10705D5A3
:105B90001A68D207EBD5002002B070BD0120A36DBA
:105BA00043F01003A365E36D43F00103E36502B026
:105BB00070BD0E4B0E4A1B689B09A2FB03239B0979
:105BC000013303EB43039B000193019B002BC6D0E1
:105BD000019B013B0193019B002BF9D1BFE700BF63
:105BE0003F00008000830242C0FFFF7FD8010320F6
:105BF000632D3E05394B2DE9F041D3F80880036849
:105C00009D6815F0040516D190F854300446012B18
:105C100011D040F221234FF0010C08F01F0823FAA5
:105C200008F313EA0C0380F854C007D184F8543009
:105C30006046BDE8F0810220BDE8F0810E461746BF
:105C4000FFF774FF002841D1A36D216823F470632E
:105C500023F0010343F48073A365214B994238D0AC
:105C6000A36D23F48013A365324600251C26A36D83
:105C7000206D13F4805318BFE36D01F1400118BF8C
:105C800023F00603E3653B46164FC762164F0763D2
:105C9000164FC76341F8406C84F8545051F83C5C8F
:105CA00045F0100541F83C5C51F8345C45F00105C5
:105CB00041F8345C00F00AFA2268936823F000434C
:105CC00023F03F0343F004039360B5E784F8545096
:105CD000B2E7B8F1000FC7D1C2E700BF00830242AC
:105CE00000810242FD550008ED5500086956000884
:105CF00090F85420012A45D0034600220120F0B438
:105D00002B4D1C689AB0AC42169283F8540017923F
:105D100008D0996D83F8542041F0200199651AB09C
:105D2000F0BC7047234A906840070BD5A268012059
:105D30009A6D42F020029A65002283F854201AB02E
:105D4000F0BC7047A0684507F1D40D68E5B11A4E64
:105D50004F68B06893F830C020F46040384340EAA0
:105D60004C30B060A0689268C0071ED4D7071CD41E
:105D7000B268896822F471620D4322F00F02154364
:105D8000B56012E0022070470B48816821F4604141
:105D90008160A1689268CD0707D4D40705D48268D2
:105DA00022F4716222F00F0282600020C4E700BF7B
:105DB0000080024200810242008302424FF6FF0C43
:105DC00006490302CA6803F4E06302EA0C021343C3
:105DD00043F0BF6343F40033CB60704700ED00E055
:105DE0001B4B00B5DB68C3F30223C3F1070EBEF102
:105DF000030F03F1030C28BF4FF0030EBCF1060F95
:105E00001CD9A3F1040C4FF0FF3303FA0CF322EA80
:105E100003024FF0FF3303FA0EF321EA030303FA00
:105E20000CF313435B010028DBB20ADB00F1604096
:105E300000F5614080F800335DF804FB00229446D1
:105E4000E7E7044A00F00F00024413765DF804FB14
:105E500000ED00E0FCEC00E0002807DB012300F08F
:105E60001F01034A40098B4042F82030704700BFB1
:105E700000E100E000280CDB01220649430900F0A4
:105E80001F002033824041F82320BFF34F8FBFF320
:105E90006F8F704700E100E0002836D038B5437FAF
:105EA000044603F0FF0263B3022223796277F3B959
:105EB0002368174A5A619A6822F018029A60627938
:105EC0008AB122691A6101219A68656922F060022B
:105ED0002A439A609A68A56922F080022A439A6050
:105EE0006177002038BD4FF0FF321A61EBE72046A2
:105EF000D4E9021200F00EF808B92368DFE70120A8
:105F000038BD0277FEF724FFCEE70120704700BFBF
:105F1000B71DC104CB071AD51F2310B4013B5C1C6D
:105F200021FA03FC15D01CF0010FF7D0182A11D864
:105F3000DFE802F0161010101010101024101010CE
:105F4000101010102110101010101010140001204B
:105F500070472AB101205DF8044B7047062BF9D831
:105F6000046800206161A36823F018031343A36051
:105F70005DF8044B7047072BF2D9EBE70F2BEFD9F5
:105F8000E8E700BF11490368C26C8B4288BF104923
:105F900022F0030294BF02F1804189184FF0010200
:105FA00010B4DBB20B4CA3F10803A4FB03430A4C6F
:105FB000C3F3041398BF01F5023102FA03F3C0E9F9
:105FC000141483655DF8044B704700BF070402405A
:105FD00020080240CDCCCCCC80080240002861D003
:105FE00038B50268304B04469A4246D92F4B3049A7
:105FF0001344A1FB03132F481B099B000221C4E992
:106000001203D4E9025320692B430343606984F8E7
:1060100025100343A06911680343E0696FF3101171
:106020000343206A03430B4320461360FFF7AAFF94
:10603000B5F5804F2AD0D4E914516368A06DDAB267
:10604000013B032B2A60486027D8012100201A4B0E
:106050001A4D1344013A01FA02F219499B00E36513
:106060006266256618604A6400230122636484F82E
:10607000243084F82520184638BD124B0C491344AF
:10608000A1FB03131B0910489B00B7E70023D4E9C9
:106090001402A16D6360036051600023C4E91733EB
:1060A0006366E1E70120704707040240F8FBFDBF8B
:1060B000CDCCCCCC000402403F820010400902400D
:1060C00000090240F8FFFDBF00000240F0B590F863
:1060D0002440012C0AD04FF0010C90F8254080F8A4
:1060E00024C0644504D0002380F824300220F0BD91
:1060F0000026D0E9157C4FF0020E046880F825E0F8
:1061000046642668C56D26F001062660C7F804C0FF
:1061100015B1D0E9186777600126C76C07F01C0C31
:10612000876C06FA0CF67E6063608368102B036B45
:106130000BBFA260A160E160E260B3B1236843F0ED
:106140000E032360036D1A68D20303D51A6842F464
:1061500080721A601DB12B6843F480732B60236832
:10616000002043F001032360F0BD236823F0040303
:106170002360236843F00A032360E3E790F82520B7
:106180000346022A06D004225A640022012083F822
:1061900024207047026870B4046D1068D96C20F038
:1061A0000E00106020689E6C20F4807020601068E3
:1061B00001F01C0120F0010010600122D3E9154517
:1061C000D86D8A407260656030B1D3E918140268F6
:1061D00022F4807202604C60012283F825200022A4
:1061E00083F82420002070BC704700BF90F8252061
:1061F0000346022A03D0042201205A647047026831
:1062000070B5046D1068D96C20F00E001060106835
:106210009E6C20F0010010602268D86D22F480721C
:1062200022600122D3E9154501F01C018A40726009
:10623000656030B1D3E91814026822F480720260FC
:106240004C60012000211A6C83F8250083F824108B
:106250000AB118469047002070BD00BF0421F0B479
:10626000C26C866C02F01C023568046891402942B9
:106270000346276812D017F0040F0FD022681704C6
:1062800039D42268950603D4226822F004022260E1
:106290001A6B716092B1F0BC184610470221914010
:1062A00029420DD0B8070BD5226812F4004F22689E
:1062B00029D0D4033CD45A6B002AECD1F0BC7047EF
:1062C000082191402942F9D03907F7D521680020EB
:1062D00021F00E0121600121DC6B01FA02F27260F3
:1062E000596483F8240083F82510002CE6D0184662
:1062F0002346F0BC184771602268D60314D4036BA0
:10630000002BF6D1DAE7900606D4226822F00A02C2
:106310002260012283F825200020DA6A716083F868
:106320002400002AB7D1C9E7836B002BE1D1C5E770
:10633000DA6A002AAFD1C1E790F82500704700BFA4
:1063400060B10368C8061A6805D5C9024CBF42F49B
:10635000801222F4801200201A60704701207047DA
:10636000002800F0D78038B590F85C30044603F080
:10637000FF02002B70D02268936923F01003936111
:10638000FFF750F8054604E0FFF74CF8401B0A28D9
:1063900059D823689A691107F6D49A6942F0010224
:1063A0009A61FFF73FF8054604E0FFF73BF8401B12
:1063B0000A2848D823689A69D207F6D59A6960688E
:1063C000574942F002029A610860227C012A9A69C8
:1063D0000CBF22F0400242F040029A61627C012A26
:1063E0009A690CBF42F4804222F480429A61A27CF6
:1063F000012A9A690CBF22F4805242F480529A61B9
:106400009A69A06822F4407202439A619A69E1682D
:1064100022F0A4029A611A69012922F010021A617D
:106420001FD011B302299A6976D042F080029A6196
:106430001A69032942F010021A6116D19A6942F0D2
:1064400020029A6111E00322236E012043F0010330
:10645000236684F85C2038BD80F85D20FEF790FC50
:1064600089E79A6942F004029A61D4E90612013A76
:106470000139120242EA4162216AB0F5407F01F11E
:10648000FF3142EA0102616901F1FF3142EA014252
:10649000DA610ED1D4E90B02A16A013A0138120186
:1064A000013942EA00220A43616A013942EA0142A3
:1064B000DA60D3F8C020E06B616B0243C3F8C02000
:1064C000D3F88020174822F4F81242EA01422064EF
:1064D000C3F88020D3F88020A16B134D22F07062A6
:1064E00042EA01626564C3F88020104B10494035D0
:1064F000C4E91253F033C4E914134FF45472002169
:1065000007F094FF00230122236684F85C201846DC
:10651000A36538BD0120704742F020029A61A4E7CC
:1065200000A5004000AC004070AC004088AD0040C9
:1065300060AE004090F85C200346013A012A05D97C
:106540001A6E012042F002021A6670478A6870B41F
:10655000D1E9035448699207D1E9006156B942EA8A
:10656000C56202431B6C42EA0442002070BC43F83F
:10657000212070475B6C44EA457443F83140104376
:1065800003EBC103586070BC00207047844690F84C
:106590005C00012807D0DCF86030012043F00403E0
:1065A000CCF86030704710B40198DCF8004040EA45
:1065B0004303D4F8800043EA820242EA011120F04A
:1065C0003F030B430020C4F880305DF8044B704754
:1065D00090F85C200346012A05D01A6E012042F093
:1065E00004021A6670470222002110B4046880F881
:1065F0005C20A269084622F00102A2615DF8044B0A
:106600001966704790F85C300146022B17D102687A
:10661000936943F0010393619369DB0758BF0B2330
:1066200013D49069C00710D4013BFAD103220B6E3A
:10663000012043F001030B6681F85C207047036E74
:1066400043F00803036601207047936923F01003A9
:10665000936193691B0748BF0B2305D59069000719
:1066600002D5013BFAD1E1E74FF0010C10B4002450
:106670009369204643F00203936181F85CC08C6506
:106680005DF8044B704700BF88B110B50446FFF7B2
:10669000B9FF22682046D36D23F00303D365FEF7CC
:1066A000D1FB0023236684F85C30184610BD01201E
:1066B000704700BFF0B590F85C308646022B0BD1D6
:1066C0000568D5F8C43013F4001C0BD0036E43F4F6
:1066D000007303660120F0BD036E43F008030366F8
:1066E0000120F0BDD5F8C4604B680C6988680F685C
:1066F000C6F30146002B37D1044344EA8744D1E96D
:1067000006030343486906EBC6070343086A43EAE6
:106710000063C86843EA0043DEF8540040F837409D
:1067200000EBC7004360134CCB68E35CA3B19378E4
:10673000D7781B0443EA0763177804323B4312F807
:10674000037C43EA07230CEB0007BB60CB680CF12A
:10675000040CE35C9C45EAD30123B340C5F8CC307C
:106760000020CEF85830F0BD3C43044344F0804450
:10677000C5E700BFB00C01082DE9F04190F85C407E
:10678000022C0DD14029056810D0D5F89840240777
:106790006ED1036E43F4807303660120BDE8F0817F
:1067A000036E43F0080303660120F7E7D5F8904035
:1067B0002607EED0D5F8904014F0807418BFD5F8B5
:1067C0008040D5F8907018BFC4F34024C7F3012768
:1067D00007EB0408846C08EBC80604EBC6042668C3
:1067E00006F080465660002E5DD12668C6F38A46C4
:1067F0001660266806F000569660266806F0004689
:106800001661A688D661B4F806C00CF00F0CC2F869
:106810000CC0666806F480165661666806F40016B9
:106820009661E67906F07F061662224E676816F8D2
:106830000CE04FEAD77CC2F824C0BEF1000F10D0A4
:10684000013B04F1070EF4461EF8015FACF1060CA3
:1068500003F8015FD568ACEB040C755D6545F2D8B3
:106860000568402923D0C5F89C800020BDE8F08150
:10687000D5F8984014F0807418BFD5F88040D5F84A
:10688000987018BFC4F30024C7F3012707EB04086E
:10689000C46C08EBC80604EBC604266806F0804604
:1068A0005660002EA1D0266826F06046A0E7C5F805
:1068B0009480DAE7B00C010803461B6830B45B6CC7
:1068C000002003F00704C3F30222C1E90042C3F32E
:1068D0004014C3F38012C1E90342C3F3C014C3F3ED
:1068E000C022C1E90542C3F30034C3F3403203F0D0
:1068F0001805C1E90742C3F38032C3F306438D6034
:10690000C1E9092330BC7047034630B41B6800203E
:106910001B6CDCB2C3F3C035C3F30622C3F30743D9
:10692000C1E900428D60CB6030BC70470368D3F88A
:10693000C40000F007007047034690F85C0001387F
:10694000012805D91A6E012042F002021A6670472A
:106950001B6870B411F00705986D01F0380409D078
:10696000C60707D4DD6D45F00105DD6554B1840728
:106970002FD407E004B386071ED4DE6D46F001066F
:10698000DE6525BB11F4E07F01D0460721D411F468
:10699000F05F01D005071CD411F4604F01D0C4068C
:1069A00017D411F4403F01D0860612D411F47C0FA5
:1069B00013D045060DD410E011F4E07F21D0460736
:1069C0001FD4DE6D46F00106DE65002DCED0C50772
:1069D000CCD5D86D40F00200D8650C0604D5D3F8AC
:1069E000DC001043C3F8DC00C80504D5D3F8E00090
:1069F0000243C3F8E0205A6D002070BC0A435A6578
:106A0000704711F4F05F01D00607DAD511F4604F3A
:106A100001D0C606D5D511F4403F01D08606D0D5A9
:106A200011F47C0FD1D04606CBD5002D9ED0CEE7F9
:106A3000704700BF704700BF704700BF704700BF7E
:106A4000704700BF704700BF704700BF2DE9F84F87
:106A5000036804461A6D596D02EA010A1A6D596DF0
:106A60000AF4E05A02EA01091A6D596D1E6D02EA34
:106A700001085A6D1F6D16405A6DD3F854B01D6D44
:106A80001740690609F0070908F0380806F471068E
:106A900007F4602702D51BF0400F73D1EA0502D539
:106AA0001BF4807F5DD1BAF1000F4AD1B9F1000F1C
:106AB00035D1B8F1000F3CD1AB0502D51BF4007FF6
:106AC00075D1280602D51BF0800F78D1A90402D514
:106AD0001BF4005F5BD12A0402D51BF4004F5ED18A
:106AE0006B040AD51BF4804F07D04FF48042236813
:106AF0001A65236E43F0800323664FB926B12368DD
:106B00001E65236E33432366236E2BBBBDE8F88FCF
:106B10002368394620461F65FAF7BAFDEEE7236879
:106B200049462046C3F85090FAF708FDB8F1000F27
:106B3000C2D0236841462046C3F85080FFF77AFF51
:106B4000BAE7236851462046C3F850A0FFF770FF0C
:106B5000B9F1000FADD0E2E72046FAF77DFDBDE8C0
:106B6000F88F4FF4807223682046D3F8D8C0D3F84A
:106B7000E0101A650CEA0101FFF760FFBAF1000F9F
:106B800094D0DEE740221A65FFF75EFF86E74FF4F8
:106B90000052236820461A65FFF752FF9BE74FF427
:106BA0000042236820461A65FFF74CFF98E74FF430
:106BB0000072236820461A65FFF73EFF81E78022B6
:106BC00023682046D3F8D4C0D3F8DC101A650CEA49
:106BD0000101FAF725FD79E7006E70472DE9F04FC6
:106BE0000C6883B0002C00F08A8000234FF0010B6A
:106BF0000BFA03FE1EEA040A7CD003264D685A00F5
:106C000005F0030C0CF1FF3806FA02F7B8F1010F9A
:106C10006FEA070776D9BCF1030F40F0D5800CFA74
:106C200002F2D0F800C015F4403F0CEA070742EA30
:106C3000070202605ED00F2623F0030203F0030C6C
:106C400002F180424FEACC0C06FA0CFE02F53D320E
:106C5000634E176EB04227EA0E0723D006F5806612
:106C6000B04200F095805F4EB04200F09880DFF8AF
:106C70007CE1704500F08580DFF874E1704500F03C
:106C80009580DFF870E1704500F09780DFF868E1EB
:106C900070450CBF4FF0060E4FF0070E0EFA0CFCBD
:106CA00047EA0C0717666FEA0A074F4AEE021268B6
:106CB0004D4E54BF3A404AEA020232607268AE0258
:106CC000494E54BF3A404AEA02027260D6F8842024
:106CD000AE03454E54BF3A404AEA0202C6F8842049
:106CE000D6F88020ED03404D54BF3A404AEA0202F4
:106CF000C5F88020013334FA03F27FF479AF03B092
:106D0000BDE8F08FD0F80890CE6809EA070906FAC6
:106D100002F848EA0908C0F80880D0F804808E68B4
:106D200028EA0E08C5F3001E0EFA03FE4EEA080E0E
:106D3000C0F804E0D0F80C8006FA02FE08EA070862
:106D40004EEA080EBCF1020FC0F80CE07FF467AF0A
:106D50000E6903F0070E4FEA8E0E06FA0EF6019644
:106D60000F264FEAD30800EB8808D8F8209006FADF
:106D70000EFE019E29EA0E0946EA090EC8F820E037
:106D80004DE74FF0030E0EFA0CFC47EA0C0789E7BB
:106D90004FF0010E0EFA0CFC47EA0C0782E74FF0A9
:106DA000020E0EFA0CFC47EA0C077BE74FF0040ECC
:106DB0000EFA0CFC47EA0C0774E74FF0050E0EFACA
:106DC0000CFC47EA0C076DE7D0F80C808E6808EAE7
:106DD000070806FA02FE4EEA080EC0F80CE01EE7AD
:106DE000000002420008024200F40240000C02428D
:106DF000001002420014024200180242002900F072
:106E000095802DE9F04F00234FF00F094FF0030A52
:106E1000474E01229A4012EA010E69D023F0030581
:106E200005F18045434F05F53D3503F00304D5F8E2
:106E300060C0E40009FA04F8B84208EA0C0C1BD060
:106E400007F58067B84259D03B4FB8425AD03B4F04
:106E5000B84261D03A4FB84263D0DFF8E8B0584545
:106E600055D0DFF8E4B058450CBF4FF0060B4FF09B
:106E7000070B0BFA04F400E00024A44517D1D6F860
:106E8000804024EA0E04C6F88040D6F8844024EA04
:106E90000E04C6F88440746824EA0E0474603468F2
:106EA00024EA0E0434602C6E24EA08042C6604687C
:106EB0005D000AFA05F52C434FEAD30C046000EBA1
:106EC0008C0C03F00704DCF820E0A40009FA04F4B9
:106ED0002EEA0404CCF82040846824EA0504846087
:106EE000446824EA02024260C26822EA0502C260E3
:106EF000013331FA03F28CD1BDE8F08F012707FA94
:106F000004F4BAE74FF0020B0BFA04F4B5E74FF0C4
:106F1000050B0BFA04F4B0E74FF0030B0BFA04F483
:106F2000ABE74FF0040B0BFA04F4A6E7704700BF81
:106F300000F402400000024200080242000C02423B
:106F40000010024200140242001802420AB181619C
:106F500070478162704700BF0268436B9169126895
:106F600003B11847704700BF704700BF704700BFAC
:106F70000022016810B50B6880F842205A040CD535
:106F80000B6823F480430B6090F84130292B0ED01E
:106F900090F841302A2B21D010BD1B04F4D50B688A
:106FA00023F400430B6090F84130292BF0D12824C2
:106FB000212380F84140036390F8413000222340B0
:106FC000A34214BF6FF0F2036FF042030C6823403A
:106FD0000B6080F84020FFF7C7FF10BD2824222354
:106FE00080F84140036390F8413000222340A342DF
:106FF00014BF6FF0F4036FF044030C6823400B6080
:1070000080F84020FFF7B2FF10BD00BF704700BFFF
:1070100090F84120F8B502F02802282A03460468B7
:1070200005D008210022E16180F84020F8BDA16967
:10703000C768A269022F4FEA1242A568C1F3004156
:10704000E66802F0FE0216D182EAD51C1CF00607A3
:10705000C5F309020DD1856C01358564856C022D5F
:10706000E4D108258764E56180F84070FFF7CEFF22
:10707000F8BD06F0FE020026256825F0B80525605B
:1070800083F84060FFF7C2FFF8BD00BF704700BF44
:1070900010B500222024184B4263C362026380F8BB
:1070A000414080F842204A07036812D55A6A436A71
:1070B0001A70436A028D01334362D2B1438D013AA3
:1070C000013B9BB24385416C036841F0040102859A
:1070D00041641024002190F8412090F841201A6862
:1070E00022F0FE021A60DC6180F84010FFF7CEFF4C
:1070F00010BD0368EDE700BF0000FFFF704700BF51
:10710000704700BF806A08B5836B0BB100221A6418
:10711000C36B0BB100221A6490F84130602B4FF022
:10712000000305D0036380F84030FFF7E7FF08BD98
:10713000202280F8403080F841200363FFF7E0FF11
:1071400008BD00BF70B50025554B90F8412080F870
:107150004250C3624585436C283A0B43022A43647C
:107160000446036863D890F8411090F8412001F07C
:107170002801282908BF462102F0280218BFF6215D
:10718000282A0CBFC9436FF0F60128201A680A406C
:1071900044491A6084F84100A06B226B616318B106
:1071A000112A14D0212A12D0E06B18B1122A24D04F
:1071B000222A22D094F84130602B4FF0000365D092
:1071C0002046236384F84030FFF798FF70BD1A68AB
:1071D000510456D4FFF7B0F80128EBD00023A06B80
:1071E000314A026484F84030FFF700F80028EDD0FF
:1071F000A06BBDE87040036C18471A68120403D5F1
:107200001A6822F400421A60FFF796F80128D1D0DC
:107210000023E06B244A026484F84030FEF7E6FF66
:107220000028D3D0E06BBDE87040036C184790F89D
:10723000412090F841201A6822F0FE021A609A69F3
:10724000920748BF9D629A69D60703D49A6942F0B3
:1072500001029A6194F84120602A10D0202284F81B
:1072600041209A6995060AD59A69D00605D510225B
:10727000DA61626C42F0040262642022DA61002169
:107280008AE71A6822F480421A60A3E72022204687
:1072900084F8412084F840302363FFF731FF70BD4C
:1072A0000000FFFF0D75000805710008036810B4A9
:1072B0009A691968D40529D50C0606D4416C11F0D9
:1072C0000B0F1FD15DF8044B70474FF48074416C75
:1072D00041F0010141645105DC6121D54FF4806426
:1072E000416C920541F008014164DC61E6D54FF440
:1072F0000071426C42F002024264D961416C11F0AB
:107300000B0FDFD05DF8044BFFF71CBF540502D50F
:107310000906E3D4D2E79405D0D50906E7D4CDE732
:107320009205E4D4CAE700BF70B50446202603687E
:107330000D461968C06A94F84120DE61213A092A95
:107340000ED8DFE802F077050D0D0D0D0DAA7705BB
:10735000222694F841201A6822F0FC021A60266363
:107360005A68684E42F400425A605A6832405A6085
:107370009A69920744BF00229A629A69D60703D499
:107380009A6942F001029A614A043BD51A6822F4D4
:1073900080421A60A26B1AB11268526892B262857A
:1073A0006A070AD55A6A636A25F004051A70636A87
:1073B00001336362238D002B68D1638D9BB21BB1B7
:1073C000636C43F004036364EB0601D5CE063AD444
:1073D000002384F84230666C6363002E68D1E36A50
:1073E000494DAB4218D194F841302046222B4FF042
:1073F000200384F8406084F84130266376D0FFF79C
:10740000B3FD70BD0E04CBD51A6822F400421A6099
:10741000E26B002AC0D1C3E72046FFF7A9FD202375
:10742000E562204684F8413084F840602663FFF727
:107430002DFE70BD212694F841201A6822F0FA0230
:107440001A6026638CE7638D9BB2002B3ED194F8C3
:107450004130282B4DD094F841202368292A4FF041
:107460001002DA61B4D110F5803FB1D09A6991076A
:1074700044BF00229A629A69D20703D49A6942F003
:1074800001029A612046FFF773FDA1E7013B2385C6
:10749000638D013B9BB263858FE7002694F8412002
:1074A00094F841201A6822F0FE021A60266357E71A
:1074B0002046616CFFF746FE94F84130282BA0D19E
:1074C00029462046BDE87040FFF7E2BD1022236840
:1074D000DA61636C43F00403636430F080737FF41B
:1074E00077AF2046616CFFF72DFE71E7FFF73EFD99
:1074F00070BDB0F1007FAED129462046FFF7C8FD30
:1075000066E700BF00E800FE0000FFFF38B590F816
:1075100040C0C56ABCF1010F69D04FF0010C11F0F9
:10752000200F04460B4680F840C002D012F0200F16
:1075300052D1D80616D5D10614D5628D92B2002A42
:1075400057D194F84120282A76D094F84120236816
:10755000292A4FF01002DA615ED00023184684F821
:10756000403038BD590719D4190701D510073AD44E
:107570009907F2D59307F0D5638D9BB2002B47D0C6
:10758000616A236811F8010B228D9862638D013ABC
:10759000013B9BB2616263852285DEE75007E3D53C
:1075A000638D9BB26BB12268636A526A1A70638DF5
:1075B000616A228D013B0131013A9BB261622285F1
:1075C0006385638D9BB2002BC7D115F5803FC4D076
:1075D0002046FFF7CDFCC0E7FFF7A6FE00231846C4
:1075E00084F84030BDE72046FFF712FDB5E70220E2
:1075F00038BD10222368DA61636C43F004036364CE
:1076000035F08073A9D12046616CFFF79BFDA4E79C
:1076100035F08073A1D1DBE715F5803F9DD09A69E5
:10762000950744BF00229A629A69D007D0D49A691C
:1076300042F001029A61CBE7B5F1007F85D119468E
:107640002046FFF725FD88E708490B6813F0010382
:107650000AD1024610B40C68184624F00403134300
:107660005DF8044B0B607047012070470004034035
:10767000034A0020136843F001031360704700BF02
:1076800000040340002844D070B590F891320646BB
:1076900003F0FF02C3B30323306886F8913203F08E
:1076A000DDF93579FDB100213346324601200C4623
:1076B00011740131A942C2E908445074D47442F8EB
:1076C000284FF5D100210A4683F850110131A94213
:1076D000C3E9582283F8512183F85321C3F8682164
:1076E00003F12803F0D1334653F8040B93E8060066
:1076F00003F0BEF901220021B37A3173934286F878
:10770000912208D0002070BD80F89022FDF7ECFC9B
:10771000C1E701207047304600F0E8FE002070BD50
:107720002DE9F04F044683B0006803F089FE10F4A1
:1077300000452CD1430500F17B8147041BD410F494
:10774000005140F0EC81C60400F18D80050500F188
:107750002E83010600F1FE82820500F12184C3051B
:1077600012D52268B2F8443023F480731B041B0C3A
:10777000A2F8443008E02268B2F8443023F4804391
:107780001B041B0CA2F8443003B0BDE8F08F206846
:10779000B0F844301A04F7D540F68F7ADFF8E8BA2B
:1077A00010E011F0100100F0C580018811F40065AF
:1077B0008BB240F0E7801B0400F15881B0F84430F0
:1077C0001A04E1D5B0F84450A9B215F00F05E8D07D
:1077D0002EB230F826301A049FB267D43B06EDD59E
:1077E00030F8263005EB85029BB203EA0B0343F425
:1077F000004320F8263004EBC202D37C4FEA850810
:10780000012B00F09881117C06EB8606F30004EB57
:10781000C60C17F480794FEAC10600930FFA81FE77
:10782000DCF82830019640F0B881B0F8505016FAD4
:1078300085F50544B5F80254C5F309059D4280F06D
:10784000A5815B1BCCF82830536A00992B44536206
:10785000DCF82C3010312B442144CCF82C3003F0D0
:10786000D9FA2068AAE72268B2F8403023F004036E
:107870001B041B0CA2F84030B2F8403023F0080380
:107880001B041B0CA2F8403094F8C832012B00F006
:107890009583204606F036FD2268B2F8443023F482
:1078A00080531B041B0CA2F844306DE730F82630DF
:1078B00005EB85010AEA030343F0800320F8263034
:1078C00004EBC10191F85C314FEA8508002B7AD1B5
:1078D000B0F8503091F8502100F2064C1CFA83F3B6
:1078E00033F83290C9F30909B9F1000F40F0DF8194
:1078F0004FF0000908EB050304EBC303D3F86C2138
:107900004A44C3F86C21D3F864214A44C3F8642183
:10791000D3F8682122B1D3F860314B4540F2A981F8
:10792000A84404EBC808204698F8501106F0B0FCB3
:10793000206853E740F2024203889BB203EA0B033C
:1079400043F400430380B0F8503010FA83F3207CF6
:1079500002EBC0029B5A626AC3F309031A44E36252
:107960002046626206F09EFC237B53B3A36A206824
:10797000002B7FF423AF227B42F08002A0F84C2042
:1079800023731BE740F20643B0F8502094F85011DF
:1079900010FA82F203EBC103D35A04F52671C3F344
:1079A0000903B4F85621C4F86C3103F05DFD226878
:1079B000204613880AEA030343F08003138006F08D
:1079C00055FC2068FAE691F8533191F85021022BCA
:1079D00000F0088212B230F8223023F4E04323F0A2
:1079E00070031B041B0C43F4004343F0C00320F856
:1079F000223091F850311AB230F8222012F4804F20
:107A0000B0F8502000F03F8100F2024C1CFA82F2E4
:107A100032F83390C9F30909B9F1000F3FF468AFA8
:107A2000B1F858214B46D1F8641103F01DFD61E710
:107A300022682046B2F8443023F480631B041B0CF8
:107A4000A2F8443006F03CFC94F89032012B3FF44D
:107A50009BAE012329462068257384F8903203F0F9
:107A6000E9FC84F8905203B0BDE8F08F40F68F73C4
:107A700040F2064201880B4043F080030380B0F8D7
:107A8000501094F8503110FA81F102EBC303CB5A35
:107A9000C3F30903C4F86C3193B1D4F8641179B11C
:107AA000B4F8562103F0E0FCD4F86431D4F86C212A
:107AB000204613442946C4F8643106F0E9FB2068E7
:107AC00003881F059AB23FF579AE02F44052B2F531
:107AD000405F3FF473AEB0F8503000F206429BB204
:107AE000D15AC1F30901D152D4F86011002940F0F4
:107AF000C981D15A6FEA41416FEA514189B2D152ED
:107B0000038823F4804323F070031B041B0C83F4CD
:107B1000405343F4004343F0800303804EE6226861
:107B2000B2F8443023F400531B041B0CA2F8443079
:107B300003B0BDE8F08F00216B1C03EB830344F816
:107B40003310137FCBB117F04007537C40F0F9801E
:107B5000002B40F04782127CB0F8503000F2064013
:107B600010FA83F303EBC2031A88C2F309021A80E6
:107B70001A8892B242F400421A80454404EBC505CB
:107B80002046297C06F08EFB206817E62046CCF8BC
:107B9000289006F087FB206810E607F4804617F06F
:107BA0004007009600F08B80B0F8506000F2024968
:107BB00019FA86F636F83E60C6F309069E4280F052
:107BC000BC819B1BCCF82830009B6BB130F82E3069
:107BD00023F4E04323F070031B041B0C43F44043E5
:107BE00043F0800320F82E3008EB050204EBC202BC
:107BF00092F83430012B40F08F80536A991951620A
:107C0000DCF82C303344CCF82C30176B136A9F42CD
:107C1000C0F0B682FF1A17639EB208EB050204EBB0
:107C2000C20292F811C0BCF1000F40F09E82B0F881
:107C30005070019A19FA87F737F83EC03A44CCF3EE
:107C4000090C27F83EC0002B40F0C78237F83E30C1
:107C50006FEA43436FEA53439BB227F83E3008EB89
:107C6000050204EBC2023346128B03F0EDFB2068E1
:107C700052E0282101FB0541206801F5A87103F0BD
:107C8000C9F82068AAE500F2064C1CFA82F232F824
:107C90003390C9F30909B9F1000F3FF429AEB1F8E7
:107CA0005A214B46D1F8641103F0DEFB22E6B1F80D
:107CB00056214B46D1F8641103F0D6FB1AE6B0F812
:107CC000502000F2064616FA82F232F83E90C9F3CE
:107CD0000909994500F2E480A3EB0903CCF82830A8
:107CE000002B00F0DF80009B6BB930F82E3023F4BE
:107CF000E04323F070031B041B0C43F4404343F0A8
:107D0000800320F82E3008EB050304EBC30393F83F
:107D10003420012A00F0EF81454404EBC5052A7C9C
:107D200030F8223023F4E04323F040031B041B0C03
:107D300083F0300343F4004343F0800320F8223003
:107D40003CE5002B40F04081B0F85030127C00F24E
:107D5000024005E72268B2F8443023F080031B0498
:107D60001B0CA2F8443094F8C832002B40F08680F7
:107D700001212046B2F840309BB243F00403A2F840
:107D80004030B2F840309BB243F00803A2F84030D4
:107D900084F8C812B2F85430C3F38D0303F03C03E7
:107DA000C4F8CC3203B0BDE8F04F00F0B9BB226894
:107DB0002046B2F840309BB243F00803A2F84030AE
:107DC000B2F8443023F400631B041B0CA2F84430C7
:107DD000B2F840309BB243F00403A2F8403006F002
:107DE00081FAD1E417F4804E0FFA82FCD1F86831A1
:107DF0004FEAC20200F00481B0F850E012FA8EF2AD
:107E00000244B2F802E4CEF3090E9E45F14600F2B8
:107E10006B81A3EB0E03C1F868317BB930F82C20DD
:107E200022F4804222F070021204120C82F40053F9
:107E300043F4004343F0800320F82C307B060DD53B
:107E400030F82C3023F4E04323F070031B041B0CA8
:107E500043F4004343F0C00320F82C30BEF1000F80
:107E60003FF448AD08EB050104EBC101B1F858211E
:107E70007346D1F8641103F0F7FA3BE5204606F0AB
:107E800031FA81E43E2900F2FA804D08CE07D15A3A
:107E900048BF013589B241EA852189B2D1522FE626
:107EA000CCF8287008EB050304EBC3035B7C002BC4
:107EB00040F00781B0F8502000F2024313FA82F23A
:107EC00032F83E30C3F3090322F83E3032F83E3038
:107ED0006FEA43436FEA53439BB222F83E30B0F857
:107EE000502016FA82F232F83E30C3F3090322F82A
:107EF0003E3032F83E306FEA43436FEA53439BB261
:107F000022F83E30204606F0CDF9009B002B45D1EB
:107F100008EB050304EBC3031A7C206830F8223019
:107F200023F4E04323F070031B041B0C43F4404391
:107F300043F0800320F82230EEE60026CCF82860DB
:107F4000537C002B40F0AB80B0F8503019FA83F32B
:107F500033F83E20C2F3090223F83E2033F83E20D6
:107F600092B242F4004223F83E20B0F8503000F2C2
:107F7000064010FA83F333F83E20C2F3090223F8D7
:107F80003E2033F83E2092B242F4004223F83E20D5
:107F9000204606F087F9009B002BB9D12068BBE68C
:107FA00022682046B2F8443023F400731B041B0CF3
:107FB000A2F8443006F080F9FFF7E6BB204684F8CB
:107FC000C81200F0ADFA64E4012B7FF4D6ADB0F82E
:107FD0005030127C00F2024010FA83F303EBC2032C
:107FE0001980CAE5012B7FF4C8ADB0F85030127C7F
:107FF00000F2064010FA83F303EBC2031F80BCE5D6
:10800000B0F8509012FA89F20244B2F80624C2F392
:1080100009029A4291466BD89B1AC1F868317BB924
:1080200030F82C3023F4804323F070031B041B0C26
:1080300083F4005343F4004343F0800320F82C30D2
:1080400079060DD430F82C3023F4E04323F070038C
:108050001B041B0C43F4004343F0C00320F82C30F6
:10806000002A3FF447AC08EB050104EBC1011346BD
:10807000B1F85A21D1F8641103F0F6F93AE44D0948
:10808000C906D15A08BF05F1FF3589B241EA8521F9
:108090006FEA41416FEA514189B2D15230E5012B7B
:1080A0007FF476AFB0F8503019FA83F323F83E60CE
:1080B000B0F8503000F2064010FA83F323F83E6027
:1080C00066E7012B7FF41EAF0022B0F8503000F2BB
:1080D000024717FA83F323F83E20B0F8503016FA1F
:1080E00083F323F83E200DE70023C1F8683195E6BD
:1080F000C1F868E194E75A6A02EB09015962DCF8B9
:108100002C204A44CCF82C20D3F830C01A6A94456D
:1081100046D3ACEB02071F631FFA82F908EB050395
:1081200004EBC3035F7C97BBB0F8503016FA83F3BF
:1081300033F83E70019EC7F309071E4423F83E70D2
:10814000002A6CD133F83E206FEA42426FEA524275
:1081500092B223F83E2008EB050204EBC2024B4624
:10816000528B03F071F919E7BEB2BCF1010F7FF435
:1081700076ADB0F8503019FA83F323F83E606EE51F
:10818000AFB9334682F8347047E51FFA8CF9012FF6
:10819000E1D1B0F8503016FA83F323F83E90DAE7D5
:1081A000BCF1000F27D14A4683F834C0B6E700235C
:1081B00092F811C082F834301363BCF1000FD3D1B0
:1081C000B0F850603B4619FA86F636F83E70019AD0
:1081D000C7F30907324426F83E703E2B2FD85F08BC
:1081E000DE079EB2138848BF01379BB243EA87235C
:1081F0009BB2138033E500225F7C1A6383F834203E
:10820000002FC2D16246B0F8503016FA83F333F82B
:108210003E70019EC7F309071E4423F83E703E2AB4
:108220001ED8D30733884FEA520748BF01379BB2A5
:1082300043EA87239BB21FFA82F933808BE75F09F9
:10824000DE069EB2138808BF07F1FF379BB243EAF0
:1082500087236FEA43436FEA53439BB21380FEE4E4
:10826000D30633884FEA521708BF07F1FF379BB296
:1082700043EA87236FEA43436FEA53439BB21FFAF3
:1082800082F9338067E700BF0F8FFFFF90F89022DD
:10829000012A0DD010B5012204460068217384F82C
:1082A000902203F0C7F8002384F89032184610BDDE
:1082B0000220704710B501F0070E0EEB8E0C090678
:1082C00004464FEACC0C22D40CF5A8714FF0000CF8
:1082D00001440EEB8E0004EBC00080F851C1022B6C
:1082E000CB7008BF002381F800E008BF0B710A6162
:1082F00094F89032012B16D00123206884F8903234
:1083000002F0CCFB002384F89032184610BD0CF12B
:1083100010014FF0010C01440EEB8E0004EBC00085
:1083200080F811C0DBE7022010BD00BF70B5044625
:108330004FF0280E002501F007010EFB014E01EB66
:10834000810C04EBCC0CCCE9592349208CF850115A
:10835000CCF86C518CF851510EF5A876FDF78AFDDA
:1083600094F89032012B0DD00123314684F89032DD
:10837000206802F04FFD492084F89052FDF76CFD13
:10838000284670BD022070BDF8B501F0070707EB65
:10839000870104468E460126002504EBCE0E4FEAE7
:1083A000C10C0CF11001CEF82830CEF830308EF828
:1083B00010704920CEF824208EF83460CEF82C506E
:1083C0008EF811606718FDF755FD94F89032B342AE
:1083D0000CD03946206884F8906202F01BFD4920D9
:1083E00084F89052FDF738FD2846F8BD0220F8BD0C
:1083F000027901F007039A4236D30A0610B5044603
:108400001FD44FF0000C282001EB810204EBC202C4
:1084100082F851C1012200FB014181F8503181F8FD
:10842000522194F8903201F5A87193421AD0206835
:1084300084F8902202F086FF002384F890321846D8
:1084400010BD0120282103EB830204EBC20250740B
:10845000012201FB03410B748A7494F890321031AD
:108460009342E4D1022010BD0120704738B5027953
:1084700001F00F039A4236D301F0070303EB8303A5
:1084800001F00702090604464FEAC3031AD4002587
:1084900002EB820004EBC00080F85151002503F587
:1084A000A873E1180A708D7094F89032012B18D0DF
:1084B0000123206884F8903202F06CFF84F8905217
:1084C000284638BD012502EB820004EBC00045744C
:1084D00000251033E1180A708D7094F89032012B4A
:1084E000E6D1022038BD012038BD00BF024600237E
:1084F00010B40124116882F8C8321846B1F854301B
:10850000C2F8D0429BB22343A1F85430B1F85430A2
:108510005DF8044B9BB243F00203A1F8543070475E
:10852000704700BF024B186800F4C060704700BF7E
:10853000007000401B4A1368116911F4104F2CD0D1
:10854000D168090429D403F4C063834223D04FF0D7
:10855000320C1368144923F4C063034313600B689F
:1085600012495B09A1FB0313DB090CFB03F3104960
:108570005069A1FB031340054FEAD30303F1010344
:1085800005D500E01BB15169013B4905FAD4054B03
:108590005B695B0503D4002070470120704703200E
:1085A000704700BF00700040D8010320C55A7C0A04
:1085B000CDCCCCCC024A936843F48043936070479F
:1085C0000070004030B51E4C0546A36D83B0DB0043
:1085D00021D5FFF7A7FF30F4007315D0802D2AD8DE
:1085E0002BD0A5F17003B3FA83F35B0915490A6830
:1085F00022F00F021A430A60086800F00F00C01A48
:1086000018BF012003B030BD802DEFD9A02D8CBF45
:1086100002230123EAE7A36D43F08053A365A36D12
:1086200003F080530193019BFFF77CFFA36D23F0C0
:108630008053A365CFE70323D8E70223D6E700BF23
:1086400000100240002002402A4A9368D26813F0CA
:108650000C0308D00C2B35D0042B31D0082B264826
:1086600018BF00207047234A1168090754BFD2F889
:1086700094201268214954BFC2F30322C2F30312AB
:1086800051F82200EBB11B49CA68CB6802F0030223
:10869000C3F30313022A03F1010322D0032A17D0E4
:1086A000B0FBF3F0CB68C3F3062303FB00F0114BE0
:1086B000DB68C3F3416301335B00B0FBF3F0704749
:1086C0000F48704702F00302012ACCD00020DAE7FD
:1086D000094AC868B2FBF3F3C0F3062003FB00F0BD
:1086E000E5E7074AC868B2FBF3F3C0F3062003FBD3
:1086F00000F0DCE70010024080969800580C01085A
:108700000024F400002800F0CA809E4A2DE9F843B6
:108710001368814603F00F038B420C460CD213689A
:1087200023F00F030B431360136803F00F038B4216
:1087300002D00120BDE8F883D9F80030980703F093
:1087400001025AD5904DD9F80800A96801F0F0014E
:10875000884204D9A96821F0F0010143A960002AE8
:1087600000F08D80D9F80450874B032D00F09980DC
:10877000022D1B6800F08F80002D40F0A6809E0720
:10878000D7D5FFF761FF814B984205D97E4B9A6898
:1087900012F0F00F00F09D807B4FBB6823F00303C5
:1087A0002B43BB60FCF73EFEBB68D9F8042003F006
:1087B0000C03B3EB820F064618BF4FF0000858D0E9
:1087C00041F28837704D07E0D9F804209200AB6879
:1087D00003F00C03934249D0FCF724FE831BBB42F9
:1087E000F2D9AB68D9F8041003F00C03B3EB810F96
:1087F0004FEA8102EBD003209CE7002AB2D1614905
:108800000A6802F00F02A24209D90A6822F00F0298
:1088100022430A600A6802F00F02A24289D15A0775
:1088200007D55949D9F80C008A6822F4E06202435E
:108830008A601B0708D5544AD9F81010936823F4AE
:10884000605343EAC1039360FFF7FEFE03464E4ABE
:108850004F4992684F48C2F30312895C4E4ACB409D
:1088600013600068BDE8F843FCF794BCB8F1000F52
:108870004AD1D9F800309907C1D5D9F80800424942
:108880008A6802F0F0028242B9D98A6822F0F002C6
:1088900002438A60B3E79F033FF573AF49E70120C6
:1088A00070471A6891017FF544AFD968DA6801F022
:1088B0000301C2F30312022902F101022AD00329A3
:1088C00057D0012946D0DB6866E758057FF531AF00
:1088D00057E79A6822F0F00242F080029A602A4F2D
:1088E000BB6823F003032B43BB60FCF79BFDBB6815
:1088F000D9F8042003F00C03B3EB820F064618BF2F
:108900004FF080087FF45CAF1F4A936823F0F003B8
:108910009360AEE72149DB68B1FBF2F2C3F30623B3
:1089200003FB02F218491948CB68C3F341630133D2
:108930005B00B2FBF3F383427FF62EAF8B6813F03C
:10894000F00F7FF429AF8B6823F0F00343F080032E
:108950008B60C4E71A68120754BFD3F894301B68C1
:108960000F4A54BFC3F30323C3F3031352F8232066
:10897000D8E70C49DB68B1FBF2F2C3F3062303FB33
:1089800002F2CFE7002002400010024000B4C4040D
:10899000A00C0108E0010320D80103200024F4000A
:1089A000580C010880969800002800F004832DE9F7
:1089B000F041174B02689D68DE68D10604461346F5
:1089C00082B005F00C0506F003063BD5002D00F043
:1089D0006C810C2D00F06681E3690D4FD3B13B68CB
:1089E00043F001033B60FCF71DFD80463B689A079E
:1089F00000F1CC82FCF716FDA0EB08000228F5D9A7
:108A00003B689B07F2D4032002B0BDE8F08100BFB1
:108A1000001002403B6823F001033B60FCF702FDBD
:108A20003B68804699070BD5FCF7FCFCA0EB0800DF
:108A3000022802D93B689A07E5D43B689B07F3D428
:108A400022681346D1072DD5082D00F098810C2DF2
:108A500000F092816368B3F5803F00F0B981B3F50F
:108A6000A02F00F009838C4F3A6822F480323A60DC
:108A70003A6822F480223A60002B40F0AE81FCF785
:108A8000D1FC3B6880469A030BD5FCF7CBFCA0EBEE
:108A90000800642802D93B689B03B4D43B6899035F
:108AA000F3D423689A0713D5042D40F03E817A4B06
:108AB0001B685B0503D5E368002B00F05981764AFB
:108AC0002169536823F0FE4343EA0163536023683E
:108AD0001A072BD56369002B00F05C81A3696E4AED
:108AE000002B40F0D981D2F8943023F01003C2F863
:108AF0009430694DD5F8943043F00103C5F89430B3
:108B0000FCF790FCD5F8943006469B070DD4FCF793
:108B100089FC801B072804D9D5F894309F077FF57E
:108B200072AFD5F894309907F1D523685D0765D504
:108B3000594B9A6DD00000F12B8101259A6D42F0BE
:108B400080529A659B6D03F080530193019B534EB5
:108B50003368D90540F1DC81A368DA0740F153811D
:108B60005A0740F12A824C4BD3F8902042F004027D
:108B7000C3F89020D3F8902042F00102C3F890206F
:108B8000FCF750FC444F0646D7F890309B070FD4B3
:108B900041F28838FCF746FC801B404504D9D7F8E1
:108BA00090309A077FF52FAFD7F890309B07F1D51B
:108BB000A368190640F10982374FD7F8903043F087
:108BC0008003C7F89030D7F8903019050FD441F2E0
:108BD0008838FCF727FC801B404504D9D7F8903033
:108BE0001A057FF510AFD7F890301B05F1D525B1E8
:108BF000294A936D23F08053936523689A061FD505
:108C0000A36A254D002B00F06681D5F8983043F01B
:108C10000103C5F89830FCF705FCD5F898300646F6
:108C20009B070DD4FCF7FEFB801B022804D9D5F866
:108C300098309F077FF5E7AED5F898309907F1D5C2
:108C4000E36A23B3144DAA6802F00C020C2A00F068
:108C5000D981022B2B6823F080732B6000F01982DE
:108C6000FCF7E0FB2B68044699010BD5FCF7DAFB17
:108C7000001B022803D92B689A013FF5C4AE2B686C
:108C80009B01F3D4044A064BD1680B40D36000200B
:108C900002B0BDE8F08100BF00100240007000404B
:108CA000FCFFEEFE012E7FF497AEA64B1B689B07E0
:108CB0005BD4A44B606A1A68170756BFD3F8943088
:108CC0001B681B0903F0F003984200F243819D4B9F
:108CD0001A6842F008021A601A6822F0F002024391
:108CE0001A605A68216A22F47F4242EA01225A60DD
:108CF000002D00F0BB81FFF7A7FC0346914A924983
:108D00009268C2F30312895C904ACB401068904A83
:108D10001360FCF73FFA0028BAD12368D9071A4636
:108D20003FF595AE99077FF5D3AE0C2D00F02A8163
:108D3000E368844D002B00F0B6802B6843F4807309
:108D40002B60FCF76FFB2B6806465F053FF5B7AE5F
:108D5000FCF768FB801B022803D92B6859057FF5B7
:108D600052AE2B685A05F3D5A9E6E369002BA0D1D2
:108D7000012002B0BDE8F081032E7FF46BAE714B91
:108D80001B689F0302D56368002BF1D01346C9E727
:108D90000025DCE66B4DD5F8943023F00103C5F8CF
:108DA0009430FCF73FFBD5F8943006469A077FF5E0
:108DB000BCAEFCF737FB801B072804D9D5F89430EC
:108DC0009B073FF520AED5F894309F07F1D4ACE671
:108DD0005C4A136843F480331360FCF723FB594F5C
:108DE00080463B689A033FF55CAEFCF71BFBA0EBAB
:108DF0000800642803D93B689B037FF504AE3B68F9
:108E00009903F2D54DE64F4ED6F8902022F001029C
:108E1000C6F89020D6F8902022F00402C6F89020E0
:108E2000002B7FF4ADAEFCF7FDFAD6F89030074684
:108E300099070FD541F28838FCF7F4FAC01B40457A
:108E400004D9D6F890309B073FF5DDADD6F89030C9
:108E50009907F1D43B4ED6F890301A067FF5C7AE8D
:108E6000D6F8903023F08003C6F89030D6F89030D2
:108E70001A057FF5BCAE41F28838FCF7D3FAC01B67
:108E8000404504D9D6F890301B053FF5BCADD6F867
:108E900090301905F1D4AAE6D2F8943043F01003CB
:108EA000C2F8943025E62B6823F480732B60FCF71E
:108EB000B9FA2B6806465B050BD5FCF7B3FA801BA5
:108EC000022803D92B685F053FF59DAD2B68590536
:108ED000F3D42368FCE5D5F8983023F00103C5F8F6
:108EE0009830FCF79FFAD5F8983006469A077FF538
:108EF000A7AEFCF797FA801B022804D9D5F8983062
:108F00009B073FF580ADD5F898309F07F1D497E6E1
:108F1000336843F480733360FCF784FA33680746A0
:108F2000DB053FF519AE03E03368D9053FF514AE14
:108F3000FCF778FAC01B0228F6D93368D8057FF50C
:108F400062ADF1E700100240A00C0108E00103202F
:108F5000D8010320FFF736FB00287FF409AF714BDF
:108F60001A6842F008021A601A68616A22F0F00278
:108F70000A431A605A68216A22F47F4242EA0122B7
:108F80005A60B8E6022E7FF4D3AE90E5654B1A68BE
:108F900042F008021A601A68616A22F0F0020A437D
:108FA0001A605A68216A22F47F4242EA01225A601A
:108FB0002268134646E5012070475A4AD2F890309D
:108FC00043F00103C2F89030DAE5564FD7F89030FD
:108FD00023F08003C7F89030D7F8903019057FF55B
:108FE00006AE41F28838FCF71DFA801B404504D9D3
:108FF000D7F890301A053FF506ADD7F890301B052D
:10900000F1D4F4E5012B3FF4B3AEEB68226B03F02F
:10901000030191427FF4ACAE616B03F0F0020139C1
:10902000B2EB011F7FF4A4AEA16B03F4FE42B2EBDE
:10903000012F7FF49DAEE16B03F07842B2EBC16F7C
:109040007FF496AE226C03F4C0015208013AB1EBF2
:10905000425F7FF48DAE626C03F0C0635208013A48
:10906000B3EB426F14BF0120002011E6FFF7AAFA0C
:1090700000283FF440AE7BE603F18043A3F53C3388
:109080001A6842F480221A601A6842F480321A6028
:10909000A3E6FCF7C7F92B68064699010BD5FCF748
:1090A000C1F9801B022803D92B689B013FF5ABACAB
:1090B0002B689F01F3D41B4D1B4BE968226B0B40BF
:1090C000606B1343D4E90E1243EA012343EAC263FF
:1090D0000138D4E91012490843EA00130139520853
:1090E000013A43EA415343EA4263EB602B6843F0A1
:1090F00080732B60EB6843F08073EB60FCF792F9B0
:109100002B6804469A013FF5C2ADFCF78BF9001BB2
:10911000022803D92B689E017FF575AC2B68980156
:10912000F3D5B4E5001002400C809F0108B5FFF7AD
:109130008BFA074B07499A689B68C2F303128A5C53
:109140000549C3F3C223CB5CD040D84008BD00BF63
:1091500000100240A00C0108980C01080F220E4BD1
:1091600010B402609A680D4C02F0030242609A68E3
:1091700002F0F00282609A6802F4E062C2609B68CA
:10918000DB0803F4E063036123685DF8044B03F03C
:109190000F030B60704700BF001002400020024028
:1091A000F8B5044600680F4602284ED0032845D083
:1091B000012848D1394B1B689E073ED5374D2B6897
:1091C00023F080632B60FCF72DF9064604E0FCF7E2
:1091D00029F9831B022B4AD82B681901F7D4D4E94B
:1091E0000132013B100221681A01002F33D0012FF8
:1091F0002A4D45D02E692A4B33400B43034313437A
:1092000062695208013A43EA42632B61234D2B689D
:1092100043F080632B60FCF705F9064604E0FCF799
:1092200001F9831B022B27D82B681B01F7D50020DF
:109230001A4AA16913690B431361F8BD174B1B68E8
:1092400013F4C02FBAD10120F8BD144B1B685D0583
:10925000B4D40120F8E7114D124B2E6933400B4373
:10926000E168034343EAC16313432B61CEE72B68F4
:109270001801B4D50320F8BD2B681A01FAD5D6E73A
:109280002E69094B33400B430343134322695208B1
:10929000013A43EA42532B61B8E700BF0010024095
:1092A0000C80FFF90C80FF070C809FFF70B504460F
:1092B0000068022847D003283ED0012841D1294B1D
:1092C0001B689E0737D5274D2B6823F080532B60F2
:1092D000FCF7A8F8064604E0FCF7A4F8831B022B71
:1092E00037D82B689900F7D41E4D1F4B6969226847
:1092F0000B401343D4E9021243EA012343EAC26359
:109300006268013A43EA02136B612B6843F08053B1
:109310002B60FCF787F8064604E0FCF783F8831B14
:10932000022B1BD82B689B00F7D500200D4A216922
:1093300053690B43536170BD0A4B1B6813F4C02F74
:10934000C1D1012070BD074B1B685D05BBD4012056
:10935000F8E72B689800C7D5032070BD2B689A00EA
:10936000FAD5E2E7001002400C80FF072DE9F04734
:109370000368044613F4006682B01BD0C16E402916
:1093800000F03C8200F25582002900F02182202961
:1093900040F055822030FFF789FF064623684EB91A
:1093A000E16E0026B648D0F89C2022F0E0020A4385
:1093B000C0F89C20DF0440F14F81216FB1F5007FA0
:1093C00000F0158200F23F81002900F00682B1F51D
:1093D000807F40F0408104F12000FFF767FF0746DF
:1093E0002368002F40F00182A549206FD1F89C200E
:1093F0009D0322F4E06242EA0002C1F89C2000F1E1
:109400002F81D90708D59E49606BD1F8882022F0BA
:1094100003020243C1F888209A0708D59849A06B37
:10942000D1F8882022F00C020243C1F888205D07A1
:1094300008D59349E06BD1F8882022F0300202432E
:10944000C1F88820180708D58D49206CD1F88820EC
:1094500022F0C0020243C1F88820D90608D5884905
:10946000606CD1F8882022F440720243C1F8882051
:109470009A0608D58249A06CD1F8882022F440626F
:109480000243C1F888209D0508D57D49E06DD1F8DB
:10949000882022F440220243C1F88820580508D5CC
:1094A0007749206ED1F8882022F440120243C1F897
:1094B0008820590208D57249606ED1F8882022F4BC
:1094C00040020243C1F888209A010CD5A26EB2F185
:1094D000807F00F06D81B2F1007F00F02681002ACC
:1094E00000F0298101265F0608D56549E06CD1F8B6
:1094F000882022F440520243C1F888201D0608D576
:109500005F49206DD1F8882022F440420243C1F81F
:109510008820D80508D55A49606DD1F8882022F4F2
:1095200040320243C1F88820D90208D55449A06DC1
:10953000D1F89C2022F003020243C1F89C209A0437
:1095400011D54F49606FD1F88820B0F1006F22F03B
:10955000406242EA0002C1F8882000F02481B0F1A4
:10956000806F00F05E811F031BD5A16FB1F5804FA6
:1095700000F005814248B1F1806FD0F8882022F0D8
:10958000406242EA0102C0F88820D0F89C2022F410
:109590008042C0F89C2000F05481B1F1006F00F0CF
:1095A00033815D0311D53649E06FD1F88820B0F1E1
:1095B000006F22F0406242EA0002C1F8882000F009
:1095C000D980B0F1806F00F0248158040ED52C486A
:1095D000D4F88010D0F88820B1F1805F22F040529A
:1095E00042EA0102C0F8882000F0EA80D90309D5D8
:1095F0002349D4F88400D1F89C2022F004020243CD
:10960000C1F89C209A0209D51D49D4F88800D1F8E8
:109610009C2022F018020243C1F89C20DB010ED5E9
:10962000174AD4F88C10D2F89C30B1F5001F23F4FF
:10963000401343EA0103C2F89C3000F0AC8030468E
:1096400002B0BDE8F087B1F5407F00F0D580B1F5FC
:10965000806F00F0D180012637469D037FF5D1AEA3
:10966000074B9A6DD00054D54FF00008054D2B687C
:1096700043F480732B60FBF7D5FE81460AE000BF00
:109680000010024000700040FBF7CCFEA0EB090088
:1096900002285BD82B68DA05F6D5002F5CD1DFF8FD
:1096A000C0A1D4F89010DAF8903013F4407327D0AA
:1096B0008B4225D0DAF89020DAF8903043F48033EA
:1096C000CAF89030DAF8903023F48033CAF890303A
:1096D00022F44073CAF89030D30711D5FBF7A2FEED
:1096E00041F28839054605E0FBF79CFE401B4845E2
:1096F00000F2AF80DAF890309807F5D5D4F89010E2
:10970000574AD2F8903023F440730B43C2F890309C
:1097100023E09A6D4FF0010842F080529A659B6DEC
:1097200003F080530193019BA0E70021201DFFF768
:1097300037FD07462368DFB94949A06ED1F8882074
:1097400022F040720243C1F88820CCE62B68D9058C
:10975000A3D40326374600E03E462368B8F1000F45
:109760003FF44FAE3E498A6D22F080528A6548E64A
:109770003E46B8E6CA6842F48012CA6025E7384A15
:10978000D2F89C1041F48041C2F89C10D16841F499
:109790008031D16005E73046D36843F48013D3604D
:1097A00002B0BDE8F087CA6842F48012CA60DAE607
:1097B0002B49CA6842F48012CA60002FD8D1BBE797
:1097C0000221201DFFF7ECFC00B1064623680DE7DF
:1097D0000430FFF7E5FC0646E0E5201DFFF7E0FC5E
:1097E00007462368002F3FF4FFAD3E4635E71C498E
:1097F000CA6842F48032CA603746F2E51848C26847
:1098000042F48032C260CCE5C26842F48012C26089
:10981000C7E60121201DFFF7C3FC00B106462368FF
:10982000D3E60121201DFFF7BBFC00B106462368EB
:1098300099E660293FF4B5AD80293FF4B2AD012629
:10984000B8E50121201DFFF7ABFC00B106462368F7
:10985000A7E6DAF890309D077FF57BAF4EE700BFB3
:1098600000100240114B10B4996B114A41F0807105
:109870009963996B21F0807199630368D0E9014184
:1098800023430B43D0E90341234343EA014353609D
:109890001368416923F4FE4343EA0123136013680C
:1098A0005DF8044B43F06003136070470010024002
:1098B00000600040002860D038B5437A044603F0C9
:1098C000FF02002B4FD0D4E9002502234AF2B32136
:1098D000637213682A4823F004031360136823F0AB
:1098E000804323F020032B4343F080431360106137
:1098F0001161136823F080431360FBF793FD054665
:1099000023681A6851000ED5FBF78CFD401B022816
:109910002368F6D91A685200F3D501220223627235
:109920000120E36038BD1A6842F004021A605B68E7
:10993000580603D504236372012038BDFBF772FD7E
:10994000054623685B68D90711D4FBF76BFD401B04
:1099500002282368F6D95A685207F3D50422022355
:109960006272E360E8E70272FBF78AFAABE7012272
:10997000002362721846E36038BD0120704700BFC3
:10998000BC0A5917704700BF026810B553680446F7
:10999000990613D4580605D5590723D4516821F0E8
:1099A00040015160DB0708D5136823F008031360FA
:1099B0009168637A2161042B0CD110BD1023C36020
:1099C000042320466372F8F717FC6FF060022368E7
:1099D0005A6010BD01220023204662722372FFF7F5
:1099E000D1FF10BD0823E360136823F00803136060
:1099F000E6E700BF002300B5026883B00193536817
:109A0000014658070BD4536823F0400353600020ED
:109A1000CB6823F00803CB6003B05DF804FB0220A1
:109A2000136843F080431360136823F0804313608E
:109A3000019002E013685B0013D5019B013B019389
:109A4000019B002BF6D101224A720B72CB680846AB
:109A500043F00203CB60F8F7CFFB012003B05DF8C1
:109A600004FB536858060CD40223019302E05368A8
:109A70005B07CCD5019B013B0193019B002BF6D1E9
:109A8000E1E7536823F040035360EDE7F8B5037A4C
:109A9000012B41D00125437A0446AB42057205D023
:109AA0000423C360002323722846F8BD0222036802
:109AB00042725D680F4615F0400517D1FBF7B2FC06
:109AC000064623685A68D20718D4FBF7ABFC831B01
:109AD000022B2368F6D95A6812F00102F2D1012153
:109AE000022361722272E3600125DDE70823C3606F
:109AF000FFF780FF01280546E0D1F5E79A685B682B
:109B000022615B0644BF0823E3604FF0010354BFAA
:109B10003A6001256372C5E702252846F8BD00BFFB
:109B2000F0B514460E4683B00546FBF77BFC344483
:109B3000241AFBF777FC294B2A681B680746C3F3F6
:109B4000CB3304FB03F30193936813F0800318D025
:109B5000731C05D1906810F08000FBD103B0F0BDFC
:109B6000FBF760FCC01BA0420ED2019B2A68002BB1
:109B7000019B08BF0024013B0193936813F080030D
:109B8000E6D1184603B0F0BDD5E900315A68B1F509
:109B9000827F22F0E0025A6013D0AA6AB2F5005F19
:109BA00007D11A6822F400521A601A6842F400526F
:109BB0001A6001220023032085F85D2085F85C30BF
:109BC000CCE7AA68B2F5004F02D0B2F5806FE4D1BD
:109BD0001A6822F040021A60DFE700BFD8010320B4
:109BE0004FF0000C2DE9F0431F4683B016460C469B
:109BF00005468DF803C0FBF715FC37443F1AFBF709
:109C000011FCD5F80080814641462F4B1B6803EBC1
:109C10008303C3EBC3031B0D07FB03F301938B68A3
:109C20001C4207D0B4F5C06F0CD0731C13D18B68E5
:109C30001C42FCD1002003B0BDE8F0838B6813F414
:109C4000C06FF7D098F80C30721CDBB28DF803307F
:109C50009DF80330F2D0FBF7E5FBA0EB0900B8421A
:109C600008D2019B2968002B019B08BF0027013BFC
:109C70000193D4E7D5E900315A68B1F5827F22F02B
:109C8000E0025A6013D0AA6AB2F5005F07D11A68E1
:109C900022F400521A601A6842F400521A6001223B
:109CA0000023032085F85D2085F85C30C3E7AA68AF
:109CB000B2F5004F02D0B2F5806FE4D11A6822F0FD
:109CC00040021A60DFE700BFD801032070B50D46DF
:109CD000164613464FF4C0512A460446FFF780FF4C
:109CE00070B9324629462046FFF71AFF40B933467D
:109CF0002A464FF4C0612046FFF772FF00B970BDDD
:109D0000236E032043F02003236670BD002878D023
:109D10002DE9F84F0446406A002857D00023C4E9D3
:109D20000433002294F85D30A26203F0FF01002B9F
:109D30005BD00223256884F85D30E2682B68B2F5B9
:109D4000E06F23F040032B6046D855D14FF4805E7E
:109D5000A76A07F400574FF0010C0026636802F46D
:109D60007068A26803F4827302F404421343226908
:109D7000A16902F002021343626901F4007A02EA67
:109D80000C0243EA020BE369626B03F03809236AB1
:109D900002F00802090C42EA080201F0040103F093
:109DA00080084BEA0A0300F0100043EA09030A4363
:109DB00043EA080302433B4342EA0E022B606A6017
:109DC000266684F85DC03046BDE8F88F6368B3F559
:109DD000827FA6D0E061A4E7B2F5706F13D1A76AC5
:109DE0004FF0000E07F40057B5E7204684F85C10EA
:109DF000FBF776F8606A9CE74FF4805E0027A76265
:109E0000A9E7012070474FF0000EF7E7002945D081
:109E1000002A43D030B490F85D30012BDCB23AD147
:109E200090F85C30012B36D000234FF0030CC5684E
:109E3000816380F85C401A491A4C80F85DC0B5F522
:109E4000E06F88BF0C4603660364A0F84430C28705
:109E5000C364A0F8463083680168B3F5004F828779
:109E6000046507D10B6823F040030B600B6843F4D3
:109E700080430B600B685B0603D40B6843F0400320
:109E80000B60002380F85C304A68184630BC42F012
:109E9000A0024A607047022030BC70470120704722
:109EA000299F0008059F0008704700BF30B5044691
:109EB00083B0FBF7B7FA256802466B68642123F08C
:109EC000A00320466B60FFF701FF18B1236E43F03B
:109ED00020032366A36833B922680193D3680193F2
:109EE00093680193019B012384F85D30236E204623
:109EF0001BB1FFF7D9FF03B030BDF8F745F903B048
:109F000030BD00BF816B026809781173C28F816B0D
:109F1000013A92B2C287C28F013192B2816302B11B
:109F20007047FFF7C3BF00BF816B10B4026831F800
:109F3000024BD460C28F8163013A92B2C287C38F51
:109F40009BB213B15DF8044B70475DF8044BFFF70B
:109F5000ADBF00BF30B5026804465168936885B054
:109F600013F0400FC3F3801516D113F0010F53D136
:109F700098076AD508067CD4980613D4DB0568D503
:109F80008D0666D50020236E43F0080323660390F8
:109F900093680393039B18E0980742D5080668D49A
:109FA000980640D5880654D5002D56D1206E40F035
:109FB000010020660020029090680290106820F056
:109FC000400010600298DB05DCD4236E002B40D0EB
:109FD000012053688D0723F0E003536084F85D008F
:109FE00059D05368A06D23F00303536040B12C4B4C
:109FF0000364FCF7FBF818B1236E43F040032366BB
:10A00000606D30B3264B0364FCF7F0F808B3236EA1
:10A0100043F0400323661CE011F0400FA8D0C36C4E
:10A0200029E09D0617D4880613D594F85D0003280F
:10A0300017D0206E40F00400206600200090D06809
:10A040000090906800900098BDE7980696D5880625
:10A05000ACD405B030BD8D06FBD594F85D00032867
:10A060000DD100230193D368019393680193019B61
:10A07000EFE72046236D05B0BDE830401847206E5D
:10A0800040F00400206600200090D06800909068A6
:10A09000009000988AE72046FFF706FFD9E700BF47
:10A0A000A5A0000808B50023806AA0F84630C38741
:10A0B000FFF7FAFE08BD00BF90F83D30012B23D119
:10A0C00002210368164A80F83D1093421ED0B3F176
:10A0D000804F1BD0A2F59432934217D002F58062D4
:10A0E000934213D002F5806293420FD002F594326E
:10A0F00093420BD002F54062934207D01A6842F0B7
:10A1000001021A6000207047012070479968054AD3
:10A110000A40062AF6D0B2F5803FEFD10020704702
:10A12000002C01400700010090F83D30012B26D1A2
:10A130000222036880F83D20DA68174942F00102E4
:10A140008B42DA601DD0B3F1804F1AD0134A93428C
:10A1500017D002F58062934213D002F580629342D9
:10A160000FD002F5943293420BD002F54062934235
:10A1700007D01A6842F001021A60002070470120DF
:10A1800070479968064A0A40062AF6D0B2F5803F21
:10A19000EFD10020704700BF002C014000040040B8
:10A1A0000700010090F83C20012A70D0034630B42B
:10A1B000012002251A6883F83C0083F83D50956819
:10A1C000504C2C4094600C68602C7CD013D8402CF0
:10A1D0005FD030D8202C04D000F2908034F01001F1
:10A1E00021D1916821F4401121F07001214341F007
:10A1F0000701916016E0B4F5805F13D0B4F5005FFD
:10A2000035D0702C0FD1D1E9015094682843CD6826
:10A2100024F47F4140EA052008439060916841F0B2
:10A220007701916000200121002283F83D1083F81E
:10A230003C2030BC7047502CF5D14868CC68116A7E
:10A2400021F00A010843116A21F0010111629169AC
:10A2500021F0F00141EA041191611062916821F44A
:10A26000401121F0700141F057019160DAE7D1E926
:10A27000015094682843CD6824F47F4140EA0520CA
:10A2800008439060916841F480419160CAE70220E0
:10A2900070474868CC68116A21F00A010843116AC6
:10A2A00021F001011162916921F0F00141EA0411EC
:10A2B00091611062916821F4401121F0700141F028
:10A2C00047019160AEE74868CC68116A21F0A001AF
:10A2D00041EA0011106A20F010001062906920F429
:10A2E000704040EA043090611162916821F440119D
:10A2F00021F0700141F06701916093E7302C3FF449
:10A3000070AF90E78800CEFF704700BF704700BF76
:10A31000704700BF704700BF036870B5DE681D69F5
:10A320000446AA0701D5B10752D46B0701D57007BF
:10A330003BD4290701D5320725D4E80601D5F1061B
:10A3400011D4EA0701D5F30764D415F4025F4CD0A9
:10A35000300667D4680601D571066DD4AA0601D50A
:10A36000B3064ED470BD6FF010010822236820465A
:10A3700019612277DB6913F4407F71D0FFF7C6FFC4
:10A3800000232377DDE76FF00801042223682046CD
:10A3900019612277DB699B075FD1FFF7B5FF204684
:10A3A000FFF7B6FF00232377C7E76FF0040102220F
:10A3B00023682046196122779B6913F4407F49D1B5
:10A3C000FFF7A2FF2046FFF7A3FF00232377B0E7A4
:10A3D0006FF002021A61012202779B699A0733D05B
:10A3E000FFF794FF002323779FE7EA05B2D53306F2
:10A3F000B0D56FF48072236820461A6100F02EF900
:10A40000A8E76FF0200223682046BDE870401A617B
:10A4100000F020B96FF00102236820461A61F6F7B8
:10A42000B3FD92E76FF40252236820461A6100F0F0
:10A4300013F9E9058ED5DCE76FF04002236820466A
:10A440001A61FFF767FF89E7FFF75EFF2046FFF716
:10A450005FFFC7E7FFF75AFFB7E7FFF757FFA1E72F
:10A46000FFF752FF2046FFF753FF89E7364A10B443
:10A470009042036844D0B0F1804F24D0A2F59432CA
:10A48000904220D002F5806290421CD002F580629A
:10A49000904218D002F5943290424BD02B4A904211
:10A4A00042D002F5806290423ED002F58062904236
:10A4B0003AD00A688C68496923F080030B43036033
:10A4C000C462826210E04A6823F07003CC681343D0
:10A4D00023F440734A69234323F080038C681343B9
:10A4E0000A680360C4628262012343610369DB0777
:10A4F00003D5036923F0010303615DF8044B704742
:10A500004C6823F07003CA68234323F44073134359
:10A510004A6923F08003134303608B68C3620B68AE
:10A5200083620B690363DFE7CC6823F440734A69F5
:10A530002343EEE74C6823F07003CA68234323F4F7
:10A54000407313434A69E4E7002C01400040014096
:10A5500070B310B590F83D30044603F0FF0213B31A
:10A560000223214684F83D3051F8040BFFF77EFFAB
:10A57000012384F8483084F83E3084F83F3084F872
:10A58000403084F8413084F8423084F8433084F815
:10A59000443084F8453084F8463084F8473084F8F5
:10A5A0003D30002010BD80F83C20FAF72BFDD7E7A6
:10A5B0000120704790F83C20012A45D00346022034
:10A5C00070B41A68214E83F83D00B24250680D689D
:10A5D000946827D006F50066B2422CD020F07000B7
:10A5E0002843B2F1804F50600ED0194882420BD000
:10A5F00000F58060824207D000F58060824203D07F
:10A6000000F59A30824204D1896824F080040C431A
:10A6100094600022012183F83C2083F83D1010460D
:10A6200070BC70474E6820F47000304320F070001A
:10A6300028435060E8E74E6820F47000304320F073
:10A64000700005435560DFE702207047002C014091
:10A6500000040040704700BF704700BF704700BF54
:10A6600010B4026852E8003F23F4907342E80031CE
:10A670000029F7D1144C02F1080353E8003F2340AE
:10A6800002F1080C4CE800310029F4D1C36E012B13
:10A6900008D0002320225DF8044BC0F88C204367CB
:10A6A000C366704752E8003F23F0100342E80031D0
:10A6B0000029EED052E8003F23F0100342E80031B9
:10A6C0000029EFD1E5E700BFFEFFFFEF704700BFB5
:10A6D000704700BF08B50023806AA0F85E30A0F87C
:10A6E0005630FFF7F5FF08BD704700BF40F60F0C6E
:10A6F00003682DE9F041DA69044612EA0C0F1D687F
:10A70000996832D1960606D505F0200601F08057EB
:10A710003E4340F0E980E06E012800F0AC80D702B3
:10A7200019D4100606D501F4000105F08000084395
:10A7300040F0E180570602D56E0600F1C480100299
:10A7400002D5690000F10481D30102D5002DC0F2C9
:10A750003581BDE8F0814E02E3D54FF480122046EA
:10A76000BDE8F0411A6200F073B9B5481E460840D2
:10A7700040F0E380B34F3D42CDD0D7071AD5EF0567
:10A7800040F1C18001271F62D4F8907047F00107A3
:10A79000C4F89070970740F1B980CF070AD5022717
:10A7A0001F62D4F8907047F00407C4F89070570700
:10A7B00000F1B28017070BD505F02007074307D03B
:10A7C00008201862D4F8900040F00800C4F8900007
:10A7D00017050AD5680108D54FF400601862D4F84F
:10A7E000903043F02003C4F89030D4F89030002B20
:10A7F000AFD0930606D505F0200501F080510D433A
:10A8000040F09380D4F89020B36802F0280203F05F
:10A81000400353EA0205204600F0D580FFF720FFF1
:10A82000B3685F0640F1908006F1080353E8003FEB
:10A8300023F0400306F1080141E8003262B12368C9
:10A8400003F1080252E8002F22F0400203F1080051
:10A8500040E800210029F3D1D4F88000002873D00B
:10A86000794B0364FBF7C2FC00283FF472AFD4F8C5
:10A870008000036C3CE0D6067FF551AFE8067FF51B
:10A880004EAF10221A629A68510640F1A180D4F8A6
:10A89000800001684A6892B2002A3FF45AAFB4F8C7
:10A8A0005C5095427FF655AFA4F85E200A68920688
:10A8B00053D502232367B4F85E302046E91A89B2E3
:10A8C000FFF712FF45E753E8002F22F0400243E86C
:10A8D00000210029F7D1202200232046C4F8882037
:10A8E000A367FFF7F3FE34E7436F002B3FF431AF6C
:10A8F000BDE8F0411847A36F002B3FF42AAF204674
:10A90000BDE8F041184797073FF554AF57077FF56B
:10A9100051AFCF077FF54EAF04271F62D4F8907078
:10A9200047F00207C4F8907044E7636F002B3FF4D0
:10A9300069AF20469847266864E7D7077FF52AAFB6
:10A94000EF057FF527AF1DE72046FFF7C1FE00E7C3
:10A950002046BDE8F04100F07FB853E8002F22F414
:10A96000807243E800210029F7D103F1080252E880
:10A97000002F22F0010203F1080545E8002100291B
:10A98000F3D103F1080252E8002F22F0400203F154
:10A99000080545E800210029F3D12022C4F88C20C5
:10A9A000E16653E8002F22F0100243E8002100295D
:10A9B000F7D1FBF7E3FBB4F85C507AE72046BDE83B
:10A9C000F04100F047B8FFF783FEC4F89050C0E6AE
:10A9D000B4F85E10B4F85E20B4F85C0092B289B2AC
:10A9E000002A3FF4B6AE411A89B200293FF4B1AE55
:10A9F00053E8002F22F4907243E800200028F7D19A
:10AA0000124D03F1080252E8002F2A4003F1080614
:10AA100046E800200028F4D120226067C4F88C208A
:10AA2000E06653E8002F22F0100243E800200028DF
:10AA3000F7D1022320462367FFF756FE89E600BFC1
:10AA40000100001020010004D5A60008FEFFFFEF62
:10AA5000704700BF704700BF704700BF034644F215
:10AA60007F02B3F8401000200A40A3F8402070474E
:10AA70004FF0000C00B583B002AB4FF0010E03E9BC
:10AA8000060003466046A3F840E0A3F840C0A3F8E0
:10AA900044C0A3F850C003B05DF804FB70B50C7857
:10AAA00091F803E00FFA84FC30F82C20034622F4DE
:10AAB000EC4222F070021204120CBEF1030F00F2FD
:10AAC0008F81DFE80EF0C6C97E0242F4C06248F210
:10AAD0008000024323F82C2033F82C2022F4E0429B
:10AAE00022F070021204120C2243104323F82C00AF
:10AAF0000A7B002A77D0002033F82C2022F4E2428F
:10AB000022F070021204120C42F4004242F0800261
:10AB100023F82C200A89B3F8505003EBC4065208DE
:10AB2000520016FA85F5A5F800244A89B3F850407A
:10AB30005208520016FA84F4A4F804244A78002A31
:10AB400040F0DD8033F82C2055040DD533F82C204F
:10AB500022F4E04222F070021204120C42F440424D
:10AB600042F0800223F82C2033F82C2054060DD517
:10AB700033F82C2022F4E04222F070021204120C6E
:10AB800042F4004242F0C00223F82C2048F2800137
:10AB900033F82C2022F4804222F070021204120CAE
:10ABA00082F440520A4323F82C2033F82C2022F45C
:10ABB000E04222F040021204120C114323F82C1040
:10ABC00070BD48F280052A4323F82C2033F82C204E
:10ABD0008F4892B202402243154323F82C500A7B3F
:10ABE000002A40F0DE800020CA884E7852085200C9
:10ABF00003EBC405E6B3B3F8501015FA81F1A1F8E0
:10AC0000002433F82C2052060DD533F82C2022F4E2
:10AC1000E04222F070021204120C42F4004242F0B0
:10AC2000C00223F82C2033F82C20BEF1010F22F4AF
:10AC3000E04222F040024FEA02424FEA124210D0B4
:10AC400082F0200242F4004242F0800223F82C20DD
:10AC500070BD42F400723AE742F4806237E782F452
:10AC6000005242F4004242F0800223F82C2070BDD2
:10AC70000E69B3F8501015FA81F1A1F80424B3F865
:10AC8000502015FA82F2B2F80614C1F30901A2F8B5
:10AC90000614002E7BD03E2E00F28F80B2F80614F0
:10ACA0007508F60748BF013589B241EA852189B2A6
:10ACB000A2F8061433F82C2056040DD533F82C20B6
:10ACC00022F4E04222F070021204120C42F44042DC
:10ACD00042F0800223F82C2033F82C2022F480420A
:10ACE00022F070021204120C002CB8D182F44052EF
:10ACF00042F4004242F0800223F82C2070BD33F869
:10AD00002C2051040DD533F82C2022F4E04222F0FF
:10AD100070021204120C42F4404242F0800223F806
:10AD20002C2033F82C2052060DD533F82C2022F499
:10AD3000E04222F070021204120C42F4004242F08F
:10AD4000C00223F82C2033F82C20BEF1010F22F48E
:10AD5000E04222F040024FEA02424FEA124218BF9C
:10AD600082F0200242F4004242F0800223F82C20BC
:10AD700033F82C2022F4804222F070021204120CCC
:10AD800042F4004242F0800223F82C2070BDB2F859
:10AD900006146FEA41416FEA514189B2A2F80614E4
:10ADA00088E733F82C2092B2024042F4014242F08C
:10ADB0008002002023F82C20ACE6F106B2F806143D
:10ADC0004FEA561508BF05F1FF3589B241EA8521E2
:10ADD0006FEA41416FEA514189B2A2F8061469E76E
:10ADE00048F28000024323F82C2033F82C2022F470
:10ADF000E04222F070021204120C2243104323F8A6
:10AE00002C000A7B0120002A7FF476AEECE600BF1E
:10AE10008F8FFFFF2DE9F04F4B780C7B012B83B018
:10AE20007BD0002C40D0CA78022A00F01C81012A75
:10AE300040F0BF808A690C69A24294BF0025151BAF
:10AE40008D6188BF22466BBBB0F850500B7800F282
:10AE5000024414FA85F535F8334000F20646C4F38F
:10AE6000090425F83340002A40F0A58135F8332045
:10AE70006FEA42426FEA524292B225F83320B0F8AC
:10AE8000504016FA84F434F83320C2F3090224F84F
:10AE9000332034F833206FEA42426FEA524292B2D2
:10AEA00024F833200A7823E08A690B6900F206450A
:10AEB0009A4284BFD41A1A46B0F850308C610C788C
:10AEC00015FA83F303EBC4031C88C4F309041C8044
:10AED000002A65D03E2A00F233815408D5071A882B
:10AEE00048BF013492B242EA842292B21A800A78B0
:10AEF00012B230F8223023F4804323F070031B0495
:10AF00001B0C83F4405343F4004343F0800320F8C8
:10AF10002230002003B0BDE8F08F0E698A694B69CA
:10AF2000B24228BF324600F58067002C00F0EE8068
:10AF3000CD780C6A022D91F800E03ED0A41A30F8CA
:10AF40002E500C6294B2013415F0400F92B2B0F85A
:10AF500050504FEA540400F0FD8000F2064616FA05
:10AF600085F525F83E204D893D443CB103EB440472
:10AF7000ED1A1A885A530233A342FAD10A7830F8EC
:10AF8000223023F4E04323F040031B041B0C83F026
:10AF9000300343F4004343F0800320F82230B8E745
:10AFA0001A886FEA42426FEA524292B21A800A78D5
:10AFB0009EE7012003B0BDE8F08FA64200F2024BED
:10AFC00080F04C8130F82E50A41A25F4E04525F08D
:10AFD00070052D042D0C45F4014545F0800520F841
:10AFE0002E5030F82EC095B201351CF0400F0C6287
:10AFF000B0F850C04FEA55051FFA82F800F2064932
:10B0000000F0FA8019FA8CFC2CF83E80B1F80A9016
:10B01000B94475B19C46A9EB030903EB450A0196B7
:10B02000BCF800602CF809600CF1020CD445F7D193
:10B03000019E1344A6424B6180F07681A21A0A62F7
:10B04000B0F850201BFA82F222F83E800C893C4472
:10B05000002D93D003EB4505E41A1A881A530233E6
:10B060009D42FAD18AE783BBB0F850200B7800F2FA
:10B07000024414FA82F232F8334000F20645C4F377
:10B08000090422F833400C69002C77D03E2C00F2E2
:10B090000A816608E70748BF013632F83340B60236
:10B0A000B6B2A4B2344322F83340B0F8502015FAB7
:10B0B00082F232F83340C4F3090422F8334032F804
:10B0C0003340A4B2344322F83340CB690A78002BD2
:10B0D0003FF40EAF44F2400314B230F8245003EAB8
:10B0E0000506AB4302D0002E7FF402AF30F82430C7
:10B0F00023F4E04323F070031B041B0C43F40043D0
:10B1000043F0C00320F824300A78F1E695B2CE88E7
:10B1100001356D083E4492B207D003EB4505F61A9F
:10B120001C889C5302339D42FAD1B0F850300C7801
:10B1300000F2024515FA83F303EBC4031A801DE7FE
:10B140005409D2061A8808BF04F1FF3492B242EAC9
:10B15000842226E700F2024616FA85F525F83E20FD
:10B160000D893D44002C3FF409AF03EB4404ED1A74
:10B170001A885A5302339C42FAD1FFE632F8334020
:10B180006FEA44446FEA5444A4B222F83340B0F862
:10B19000504015FA84F434F83320C2F3090224F83D
:10B1A000332034F833206FEA42426FEA524292B2BF
:10B1B00024F8332089E73E2A00F299805408D70703
:10B1C00048BF013435F83320A402A4B292B222431E
:10B1D00025F83320B0F8502016FA82F232F83350B6
:10B1E000C5F3090522F8335032F83350ADB22C4381
:10B1F00022F833400A787BE61BFA8CFC2CF83E8060
:10B20000B1F808A0BA4475B19C46AAEB030A03EB57
:10B21000450B0196BCF800602CF80A600CF1020C9A
:10B22000DC45F7D1019E1344A6424B6180F0838038
:10B23000A41AB0F850200C6219FA82F222F83E806B
:10B240004C893C44002D3FF499AE03EB4505E41ACC
:10B250001A881A530233AB42FAD18FE6A5B22C46B4
:10B2600030F82E20013422F4E24222F0700212045F
:10B27000120C42F4004242F0800220F82E20B0F876
:10B28000502064081BFA82F222F83E500D893D449A
:10B290003FF474AE03EB4404ED1A1A885A53023398
:10B2A000A342FAD16AE66609E40608BF06F1FF3652
:10B2B000B40232F83360A4B2B6B2264346F4004674
:10B2C00022F83360B0F8502015FA82F535F83320B3
:10B2D000C2F3090225F8332035F8332022436FEA00
:10B2E00042426FEA524292B225F83320EDE6540909
:10B2F000D20608BF04F1FF34A20235F8334092B2FF
:10B30000A4B2144344F4004425F83340B0F850404C
:10B3100016FA84F434F83350C5F3090524F8335091
:10B3200034F833502A43B6E5A5B2013500221FFA9E
:10B3300084F86D0883E6A5B201351FFA84F86D081C
:10B34000002476E74B780A788BB130F8223023F46A
:10B35000E04323F040031B041B0C83F0100343F471
:10B36000004343F0800320F822300020704730F87B
:10B37000223023F4804323F070031B041B0C83F45E
:10B38000805343F4004343F0800320F82230002030
:10B39000704700BF0B7B3BBB4B780A7833B330F868
:10B3A00022305B060DD530F8223023F4E04323F041
:10B3B00070031B041B0C43F4004343F0C00320F84C
:10B3C0002230CB78012B0FD030F8223023F4E04329
:10B3D00023F040031B041B0C83F0200343F40043C1
:10B3E00043F0800320F822300020704730F82230EC
:10B3F0005B040DD530F8223023F4E04323F07003D2
:10B400001B041B0C43F4404343F0800320F822301C
:10B4100030F8223023F4804323F070031B041B0C0C
:10B4200083F4405343F4004343F0800320F8223078
:10B430000020704711B98023A0F84C3000207047DD
:10B44000B0F8440080B27047013302F580625B08B7
:10B45000104408D00A4601EB4301801A13881352A6
:10B4600002328A42FAD1704770B502F580625E08F6
:10B4700000EB02051ED06FF00104B646641A8A1C68
:10B480002C4434F802C0BEF1010E1FFA8CFC4FEAC6
:10B490001C2002F1020202F804CC02F8030CF0D1E5
:10B4A000DB0705EB460248BF138801EB460148BFA6
:10B4B0000B7070BD2A46DB0744BF13880B7070BD4C
:10B4C000D0F8B8320BB11B6818470320704700BF93
:10B4D00008B5D0F8B8320BB15B689847002008BDBA
:10B4E00038B5044600F2AA25284600F08FFB012259
:10B4F00094F8AA12B4F8B032C029C4F89422C4F85F
:10B5000098320DD001F01F03012B1BD0022B13D05A
:10B5100063B12046BDE8384001F0800102F01ABF57
:10B520002046BDE83840802102F014BF294620465D
:10B53000BDE8384000F0F6B829462046BDE838405E
:10B5400000F0C8BA29462046BDE8384000F08CBA61
:10B5500070B5044631B91346D0F89422032A0DD0B1
:10B56000002070BD90F89C32032BF9D1D0F8B8328E
:10B570009B69002BF4D0BDE870401847D0E95752C2
:10B58000954208D890F89C32032B0ED0204600F04C
:10B590006BFB002070BDAD1AAA4228BF2A4619468F
:10B5A000C0F85C5100F056FBDAE7D0F8B8321B69FE
:10B5B000002BEBD09847E9E770B5044649B9D0F8BD
:10B5C0009432022B11D094F8A032012B22D000200B
:10B5D00070BD90F89C32032BF9D1D0F8B8325B697A
:10B5E000002BF4D0BDE870401847D0E90736B342CD
:10B5F0000D4614D820D094F89C32032B2FD08021F4
:10B60000204602F0A7FE204600F03AFB94F8A03254
:10B61000012BDCD1002384F8A032002070BD9B1BDD
:10B620001146C3611A4600F00BFB2B462A462946F9
:10B63000204602F0D3FEC6E782699342DBD8D0F8F9
:10B6400098329A42D7D20A4600F0FAFA2B462A4696
:10B6500029462046C4F8985202F0C0FEB3E7D4F859
:10B66000B832DB68002BCAD020469847C7E700BF36
:10B6700000210122D0F8B83280F89C224160C0F845
:10B680009412C0F8A412EBB1D0F8BC2270B50446F5
:10B6900012B15B6803B1984700224025012611468C
:10B6A0004023204602F048FE002280212B462046FF
:10B6B000A4F86461C4F8605102F03EFE0020A68444
:10B6C000256270BD0320704703460020197470473F
:10B6D0000346042193F89C220020D2B283F89D22D5
:10B6E00083F89C12704700BF90F89C32042B04D161
:10B6F00090F89D32DBB280F89C320020704700BF8A
:10B70000D0F8B82262B108B590F89C32032B01D072
:10B71000002008BDD369002BFAD09847002008BD4F
:10B720000320704730B50B780D4603F06003202BE3
:10B73000044683B028D0402B26D05BB18021204620
:10B7400002F008FE0021204602F004FE00252846F3
:10B7500003B030BD4B78092BF0D801A252F823F08A
:10B76000D3B70008FBB700083DB7000819B80008B8
:10B770003DB7000821B800085BB800083DB70008D5
:10B7800091B800089BB7000829462046D4F8B83283
:10B790009B6803B0BDE8304018478978B14D012956
:10B7A000297000F23B8190F89C32022BDAB200F053
:10B7B0001D81032A00F0FA80802102F0CBFD0021D8
:10B7C000204602F0C7FD20462978FFF781FE0325B9
:10B7D000BDE790F89C32013B022BAFD8CA88022A01
:10B7E000ACD1D0F8A4320146003B18BF01235B0066
:10B7F00041F80C3F00F016FAA8E790F89C32013BA4
:10B80000022B9BD84B88012BA0D100232046C4F8E3
:10B81000A43200F029FA99E74B88012B96D1F5E77D
:10B820008B88002B8AD1CB88002B87D14B887F2B2C
:10B8300084D890F89C22032A80D0DDB2294680F873
:10B840009E5202F0B3FD204600F00EFA002D00F0EB
:10B85000FB80022384F89C3278E700216A88ADF8E7
:10B860000610130A013B062B3FF668AF01A151F801
:10B8700023F000BF25B900080BB9000835B900084E
:10B880003DB700083DB70008F5B80008B9B8000892
:10B89000CA88012A7FF452AF90F89C32022BD9B2A9
:10B8A00000F2B58000293FF449AF0146002341F87A
:10B8B000083F00F0B7F949E7037C002B7FF43EAF67
:10B8C000D0F8B8320DF106001B6B98470723437080
:10B8D000EB88002B66D0BDF80620002A3FF42EAF7F
:10B8E0009A4228BF1A4601462046ADF8062000F0CD
:10B8F00099F92BE7037C002B7FF420AFD0F8B83206
:10B900000DF106005B6B9847E2E7027CD0F8B83295
:10B91000002A40F08B809B6A0DF1060098470223B5
:10B920004370D5E7D0F8B4320DF106011B68007CF6
:10B930009847CDE7D1B2052900F28A80DFE801F00F
:10B9400026201A140E03D0F8B4329B69002B3FF462
:10B95000F5AE207C0DF106019847B9E7D0F8B43276
:10B960005B69002BF5D1E9E6D0F8B4321B69002BF6
:10B97000EFD1E3E6D0F8B432DB68002BE9D1DDE6A5
:10B98000D0F8B4329B68002BE3D1D7E6D0F8B432BC
:10B990005B68002BDDD1D1E60223416080F89C3248
:10B9A000FFF796FD204600F05FF9CFE60029F3D0BF
:10B9B00041680129F6D0C9B2FFF78AFD29782046EF
:10B9C0006160FFF77DFD05460028EBD08021204611
:10B9D00002F0C0FC0021204602F0BCFC2046217988
:10B9E000FFF776FD022384F89C32B0E60029D9D017
:10B9F00001214160FFF764FD0546F0B1802120463A
:10BA000002F0A8FC0021204602F0A4FC9FE60329D6
:10BA10007FF494AE011D00F005F997E6802102F055
:10BA200099FC0021204602F095FCD0E6DB6A0DF17E
:10BA300006009847022343704AE7204600F014F9B5
:10BA4000032384F89C3281E6012384F89C327DE64E
:10BA5000D0F8B8329B6B002B3FF470AE0DF10602AC
:10BA6000984735E7642B032038B50B780D465A0606
:10BA700004460DD503F06002402A09D0802102F06F
:10BA800069FC0021204602F065FC0025284638BDEF
:10BA900094F89C32013B022B12D82B79032B0FD840
:10BAA000D4F8B83229469B6820469847EB8805466B
:10BAB000002BEBD10028E9D1204600F0D5F8E5E7CE
:10BAC0008021204602F046FC0021204602F042FC84
:10BAD000DBE700BF70B50B780C4603F06003202B4A
:10BAE00005468A884AD0402B48D04BB18021284651
:10BAF00002F030FC0021284602F02CFC002070BD32
:10BB00006378D1B2012B2AD0032B3FD0002BEDD18B
:10BB100090F89C32022BD8B252D00328E6D101F023
:10BB20000F0303EB8303120605EB830357D4B3F82B
:10BB30006431002BDAD0142404FB015404F5AA74F8
:10BB4000002958D0284602F01DFC002859D00123B6
:10BB5000236002222146284600F064F8CEE790F8E0
:10BB60009C32022BDAB222D0032ABFD16388002B89
:10BB7000C4D14E0642D1284600F076F8D5F8B83246
:10BB800021462846BDE870409B68184790F89C32D3
:10BB9000022BDAB20BD0032AA8D163881BB94A065C
:10BBA00001D0E3887BB3284600F05EF8A6E74B0699
:10BBB0009CD002F0CFFB8021284602F0CBFB9DE712
:10BBC000480693D1002311064CBF05F1140105F579
:10BBD000AA71022228460B6000F024F88EE79B8CA5
:10BBE000002B83D001F07F04013404EB840480290E
:10BBF00005EB8404A6D100232360AAE702F0B6FB7C
:10BC0000B9E72060A5E702F0A5FBCCE70B7803704D
:10BC10004B7843704B8843808B888380CB88C3806C
:10BC2000704700BF10B5134602240A46C0E9063328
:10BC30000021C0F8944202F0C5FB002010BD00BFF7
:10BC40008C4608B500211346624602F0BBFB00207B
:10BC500008BD00BF8C4608B500211346624602F0BD
:10BC6000BDFB002008BD00BF002310B504241A4608
:10BC70001946C0F8944202F0A5FB002010BD00BF99
:10BC8000002310B505241A461946C0F8944202F064
:10BC9000A5FB002010BD00BF08B54FF0E0231B69D5
:10BCA00001F0FEFB012800D108BDBDE8084002F00C
:10BCB000D1B800BFEFF305832BB9064B186828B93C
:10BCC00001221A6070476FF0050070474FF0FF3097
:10BCD000704700BFC038032010B5EFF3058474B976
:10BCE000084B1A68012A07D102220749CC771A604B
:10BCF00001F0A6F8204610BD4FF0FF3010BD6FF0E8
:10BD0000050010BDC038032000ED00E0F0B50025AF
:10BD100087B014460595EFF3058212B1002007B0F5
:10BD2000F0BD0028FAD004B3A569D5B91825636819
:10BD3000DB07F3D4636933B39A08A668D4F800C06C
:10BD4000E7681EB3AB2FE9D92469002CE6D0002B9D
:10BD5000E4D00B46CDE901466146009500F0A6FF10
:10BD6000DDE76E1E372EE2D9D8E74FF48072182532
:10BD70000B46214605AC0095019400F0BDFF01285B
:10BD8000CCD10598CBE74FF48072D6E7002FC5D110
:10BD90002369002BC2D1644692B2E9E7EFF3058232
:10BDA0003AB908B508B9002008BD01F0DBF9002058
:10BDB00008BD6FF0050070474FF4807330B4034D39
:10BDC000034C05600C60136030BC704714380320CE
:10BDD000143403204FF4007330B4034D034C05605A
:10BDE0000C60136030BC704768330320682B03205D
:10BDF0004FF0FF31002200F10803C0E90131C0E932
:10BE000003330260704700BF00230361704700BF27
:10BE10004268036810B494680133C1E90124616089
:10BE200091605DF8044B08610360704730B40D68A1
:10BE30006B1C10D000F108031C465B681A68AA420C
:10BE4000FAD902684B60013299608C6061600861C8
:10BE500030BC0260704704696368F2E7036910B49C
:10BE6000D0E901125C688A6051600021844208BFF9
:10BE70005A601A680161013A1A6018685DF8044B4B
:10BE8000704700BF70B51646026C0446856B2AB930
:10BE9000066801354EB31046A56370BD8EB9406883
:10BEA00002F050FB6368216CA2680B44934263600C
:10BEB00028BF236805F1010528BF63600020A56342
:10BEC00070BDC06802F03EFB226CE36851429B1AD1
:10BED0002268E360934202D2A3680B44E360022E1F
:10BEE00008D001350020A56370BD806801F028FBF3
:10BEF000A660D1E7012D38BF0125DFE770B5054603
:10BF000001F086FF95F845305CB2002C14DD05F198
:10BF1000240603E0631EDAB25CB26AB16B6A5BB1FD
:10BF2000304601F017FA0028F4D001F0ADFA631E94
:10BF3000DAB25CB2002AF1D1FF2385F8453001F076
:10BF400075FF01F065FF95F844305CB2002C14DDFC
:10BF500005F1100603E0631EDAB25CB26AB12B6928
:10BF60005BB1304601F0F6F90028F4D001F08CFA0C
:10BF7000631EDAB25CB2002AF1D1FF2385F84430A7
:10BF8000BDE8704001F052BF38B540B304460D46DD
:10BF900001F03EFFFF230022216CA26384F84430AD
:10BFA00084F84530E36B226801FB03F3591A6260A1
:10BFB00013440A44C4E902322DB9236993B901F04C
:10BFC00035FF012038BD04F11000FFF711FF04F127
:10BFD0002400FFF70DFF01F029FF012038BD01F01B
:10BFE000F9FFFEE704F1100001F0B4F90028E6D0F3
:10BFF00001F002FFE3E700BF30B583B09DF81850B1
:10C00000C0B11C4643B30346BAB111B350200190EE
:10C01000019850281AD10198C4E90F310121204616
:10C02000226084F84610FFF7AFFF204684F84C509A
:10C0300003B030BD01F0CEFFFEE781B9502201927E
:10C04000019A502A02D122460198E5E701F0C2FF89
:10C05000FEE701F0BFFFFEE701F0BCFFFEE701F0E5
:10C06000B9FFFEE7F0B585B00192002800F08780A7
:10C0700004460E461D46002961D0022D02D1E36B15
:10C08000012B6FD101F00CFA00284ED001F0C0FE58
:10C09000A26BE36B9A4258D3022D56D0002007467C
:10C0A0000DE001F0C3FE2046FFF728FF01F04CF839
:10C0B00001F0AEFEA26BE36B01209A4245D3019BD7
:10C0C000002B5FD0002836D001F0B0FE00F0FEFE5D
:10C0D00001F09EFE94F84430FF2B08BF84F84470B2
:10C0E00094F84500FF2808BF84F8457001F09EFED3
:10C0F00001A902A801F090F9002848D101F088FEBA
:10C10000A26BE36B9A42CCD101F090FE019904F14D
:10C11000100001F0F1F82046FFF7F0FE01F014F8EE
:10C120000028C5D101F068FEC2E7019B002BADD00D
:10C1300001F050FFFEE702A801F062F9C4E7036CCA
:10C14000002B9AD001F046FFFEE72A4631462046F2
:10C15000FFF798FE636A5BB938B901F067FE01200A
:10C1600005B0F0BD01F036FFFEE701F045FEF4E753
:10C1700004F1240001F0EEF80028EED0F5E701F01C
:10C1800029FFFEE701F052FE002005B0F0BD204679
:10C19000FFF7B4FE00F0D8FFF6E700BF70B582B03D
:10C1A00011B350230193019B502B1AD10C4600264A
:10C1B00001210546C4E90F1684F846102046246084
:10C1C000019BFFF7E1FE334632463146204684F8B4
:10C1D0004C50A6602660E660FFF744FF204602B0A0
:10C1E00070BD01F0F7FEFEE701F0F4FEFEE700BFD0
:10C1F0002DE9F041002835D004460D4617461E466D
:10C2000039B3022E17D1E36B012B28D101F0E2FEE6
:10C210008046A36B294694F84550324620466DB2BD
:10C22000A36BFFF72FFE6B1C1FD06B1C5BB284F857
:10C230004530012407E001F0CDFEA26BE36B8046A0
:10C240009A42E7D30024404601F0D0FE2046BDE8E4
:10C25000F081036C002BD4D001F0BCFEFEE701F0AE
:10C26000B9FEFEE701F0B6FEFEE7636A002BE0D000
:10C2700004F1240001F06EF80028DAD0002FD8D0A5
:10C2800001233B60D5E700BFF0B585B001920028DF
:10C290006BD004460E4600295BD001F001F900285E
:10C2A0005DD001F0B5FDA56B002D61D1019B002B88
:10C2B00042D002A801F0A4F82F4601F0B7FD00F02B
:10C2C00005FE01F0A5FD94F84430FF2B08BF84F86B
:10C2D000447094F84530FF2B08BF84F8457001F096
:10C2E000A5FD01A902A801F097F898B901F090FD09
:10C2F000A36B33BB01F09AFD019904F1240000F017
:10C30000FBFF2046FFF7FAFD00F01EFF68B901F0C1
:10C3100073FD0AE02046FFF7F1FD00F015FF01F084
:10C3200077FDA36B43B101F081FD01F071FDA56BB9
:10C33000F5B9019B002BC0D101F078FD002005B0BC
:10C34000F0BD01F073FD2046FFF7D8FD00F0FCFEC4
:10C35000EBE7036C002BA0D001F03CFEFEE7019B55
:10C36000002B9ED001F036FEFEE701F033FEFEE723
:10C37000226C5AB1E168A36811449942E16028BF78
:10C380002168304628BFE16002F0DCF8013DA5637A
:10C3900023691BB901F04AFD0120D0E704F1100028
:10C3A00000F0D8FF0028F5D001F026FDF2E700BF2D
:10C3B000F0B585B0019100287BD0036C0446002BBA
:10C3C00042D101F06DF810B9019B002B6ED101F044
:10C3D0001FFDA56B002D7DD1019B002B63D002A812
:10C3E00001F00EF82E462F4601F020FD00F06EFD04
:10C3F00001F00EFD94F84430FF2B08BF84F8447020
:10C4000094F84530FF2B08BF84F8457001F00EFD0D
:10C4100001A902A801F000F8C8B901F0F9FCA36B6A
:10C4200023B301F003FD2046FFF768FD00F08CFE0A
:10C4300001F0EEFCA56B002D4CD1019B002BD3D15C
:10C440008EB301F0C7FDFEE701F0C4FDFEE7204614
:10C45000FFF754FD00F078FE01F0DAFCA36BC3B9DE
:10C4600001F0E4FCC6B9002005B0F0BD01F0DEFC2F
:10C47000236833B3019904F1240000F03DFF204606
:10C48000FFF73CFD00F060FE0028D1D101F0B4FCC4
:10C49000CEE701F0CBFCCBE701F0BAFC616A59B9F9
:10C4A000A06801F085F801F0C1FCDCE701F092FD25
:10C4B000FEE701F08FFDFEE7236B1968C1F138013B
:10C4C000EEE701F0A5FCA06800F0FAFF064601F0D7
:10C4D000ADFCCFE72368013DA56373B123691BB9A8
:10C4E00001F0A4FC0120BFE704F1100000F032FFCE
:10C4F0000028F5D001F080FCF2E701F09DF8A06083
:10C50000ECE700BF002310B4094A52F8334002EBB5
:10C51000C30C2CB10133082BF7D15DF8044B7047E5
:10C520005DF8044B42F83310CCF80400704700BFAC
:10C53000C838032070B504460E46154601F068FC65
:10C5400094F84430FF2B04BF002384F8443094F85F
:10C550004530FF2B04BF002384F8453001F066FC12
:10C56000A36B23B12046BDE87040FFF7C7BC04F1C0
:10C5700024002A46314600F0D3FE2046BDE8704034
:10C58000FFF7BCBC934228BF13462DE9F0411C467F
:10C59000D3B10668836807469D1BA54228BF254680
:10C5A000AA4217D37219934211D3884681692A4649
:10C5B0004046314401F0C6FFAC420ED8BB68264469
:10C5C000B34298BFF61A3E602046BDE8F08101F004
:10C5D00001FDFEE701F0FEFCFEE7B96908EB05008E
:10C5E000621B01F0AFFFE9E72DE9F041836847687E
:10C5F0001546DE1B964228BF1646BA19934202D250
:10C6000001F0E8FCFEE7044680693246384488467B
:10C6100001F098FFB5420BD9A368AA1B9A4202D930
:10C6200001F0D8FCFEE7A06908EB060101F08AFFE3
:10C63000A3682F449F4228BFFF1A28466760BDE8C1
:10C64000F08100BF30B583B0019273B10D46017F18
:10C650000446C9070CD49A4228BF1A460192B2B1C7
:10C6600029462046FFF7C0FF0346184603B030BDF9
:10C67000069A934203D20023184603B030BD042229
:10C680000DEB0201FFF7B0FF019A002AE8D101F09B
:10C69000A1FCFEE72DE9F04182B0CBB11D46089B1D
:10C6A000E3B1814204460E460FD8002A0CBF4FF07A
:10C6B00002084FF0030804280DD924230193019F99
:10C6C0009F420ED001F086FCFEE701F083FCFEE7FE
:10C6D00001F080FCFEE701F07DFCFEE701F07AFC52
:10C6E000FEE702465521284601F0A0FE854202D011
:10C6F00001F070FCFEE73A460021089801F096FE32
:10C70000089B012E38BF012618469D619C6083F866
:10C710001C80DE6002B0BDE8F08100BF08B548B102
:10C72000826803684168D0180138401A824298BF75
:10C73000801A08BD01F04EFCFEE700BF08B540B10D
:10C74000826843680168D018401A824298BF801AF4
:10C7500008BD01F03FFCFEE72DE9F04387B00393ED
:10C7600000295FD0054600285FD0037F0E46DB0717
:10C77000174650D49046039B5BB304A800F02AFEF2
:10C7800001F046FBAB682C686A681C44013CA41AA3
:10C79000A34298BFE41AA04559D9002001F00EF930
:10C7A000D5F81490B9F1000F56D100F073FE68610E
:10C7B00001F03CFB49464A464846039B00F07AFF9D
:10C7C000C5F8149003A904A800F026FE0028D7D0CD
:10C7D00044B9AB682C686A681C44013CA41AA342A3
:10C7E00000D8E41A23463A4631462846CDF8008060
:10C7F000FFF728FF044650B1AA686B682968134404
:10C800005B1A9A4298BF9B1AEA689A4210D920464E
:10C8100007B0BDE8F08302F104084245ABD301F054
:10C82000D9FBFEE701F0D6FBFEE701F0D3FBFEE704
:10C8300000F04CFB2B693BB1002328691A461946CE
:10C8400000F07CFF00232B6100F07EFCDFE701F0AD
:10C85000EDFA002CBDD0C5E701F0BCFBFEE700BF40
:10C86000F0B583B000293AD0044600283AD01D46DE
:10C87000037FA668DB0758BF17460068636830442B
:10C8800000F1FF30A0EB030348BF171D9E4298BF85
:10C890009B1B20460097FFF7D5FE064650B1A268C5
:10C8A0006368216813445B1A9A4298BF9B1AE26836
:10C8B0009A4202D9304603B0F0BD01F08BFB2369E8
:10C8C000074643B1002320691A461946009500F037
:10C8D0009DFF00232361384601F088FBEAE701F061
:10C8E00079FBFEE701F076FBFEE700BF2DE9F0479C
:10C8F00082B000295ED0044600285ED090F81C80EB
:10C900000E4608F0010817469A464FEA880973B99F
:10C91000A368656822681D44AD1AAB4298BFED1A42
:10C920004D451BD80025284602B0BDE8F08701F030
:10C930006FFAA368656822681D44AD1AAB4298BFC0
:10C94000ED1A4D4508D8002001F038F82569002D72
:10C9500036D001F03FFBFEE701F068FAB8F1000FB6
:10C9600010D004222B4620460DEB0201D4F80080A3
:10C97000FFF708FE019B043D9F4236BF00271F467C
:10C98000C4F800802B463A4631462046FFF7FAFDB0
:10C9900005460028C6D000F099FA63693BB1002330
:10C9A00060691A46194600F0C9FE0023636100F071
:10C9B000CBFBB8E701F00EFBFEE701F00BFBFEE757
:10C9C00000F068FD206101F031FA53462A462946FD
:10C9D000284600F06FFE25619AE700BF2DE9F0417F
:10C9E000054601F015FA2F4A2F4E136801331360E4
:10C9F00033683BB32D4CE86A2368E3B12C4F2D4AD2
:10CA00002D491368013313606B640B68834238BF90
:10CA1000086000EB800007EB8000291DFFF7F8F9A4
:10CA200001F004FA236823B13268EB6AD26A9A42B1
:10CA300010D3BDE8F08133681D4FDB6A834298BF95
:10CA40003560DCE735601368012B07D0E86A184FC2
:10CA5000164CD4E7BDE8F04101F0CEB9144F3C4686
:10CA600007F58C6820461434FFF7C2F94445F9D124
:10CA7000DFF86080114C4046FFF7BAF92046FFF717
:10CA8000B7F90F48FFF7B4F90E48FFF7B1F90E48B0
:10CA9000FFF7AEF90D4BE86AC3F800800C4B1C6041
:10CAA000024CACE734390320083E03202839032028
:10CAB000A8390320183903202C390320803903209A
:10CAC0006439032050390320383903207C3903208E
:10CAD0007839032094390320F8B504461B4B1C4ECB
:10CAE0001D6830680F460430FFF7B8F9631C0FD09B
:10CAF00033682D195D6010D2164B18683168043107
:10CB0000FFF794F9144B1A68AA4200D91D60F8BDCA
:10CB1000A7B933686A1E5A603DB1104B1868316876
:10CB2000BDE8F8400431FFF781B90A4B1868316855
:10CB30000431FFF77BF9084B1B68F8BD31680848E2
:10CB40000431BDE8F840FFF763B900BF3039032076
:10CB5000083E03207C390320143903207839032050
:10CB6000383903202DE9F04789460A9C95002A466A
:10CB70000646A521206B1F46DDF8248001F056FCF7
:10CB8000236B043D1D4425F00705B9F1000F46D085
:10CB900009F1FF3C04F1330309F10F091CF8012FDF
:10CBA00003F8012F0AB1CC45F8D1002384F84330B3
:10CBB000089B4FF0000A372B28BF37239946C4E95A
:10CBC000133AE362201DFFF71FF904F11800FFF785
:10CBD0001BF9C9F138034C225146A361C4F8A4A043
:10CBE00024616462C4F854A084F8A8A004F1580039
:10CBF00001F01CFC0B49324601F16803E165D031BC
:10CC0000236661663B462846216B01F051F920609E
:10CC1000B8F1000F01D0C8F80040BDE8F08784F8F3
:10CC20003490C5E75C57032080B51C4D1C4F1D4E4A
:10CC3000DFF874802B682BB301F0EAF8FB68DC683E
:10CC4000201DFFF70BF93368013B33602B68013B74
:10CC50002B6001F0EBF804F1580001F0EFFB94F8C1
:10CC6000A93033B1012B14D0022BE3D001F0B2F97B
:10CC7000FEE7206B01F0C8FA204601F0C5FA2B68E8
:10CC8000002BD9D1D8F80030012BD3D901F0B4F85A
:10CC9000D0E7204601F0B8FACCE700BF4C390320BA
:10CCA0005039032034390320A839032070B586B0E9
:10CCB000DDE90B54D5B1E4B1AC260596059EAC2E4A
:10CCC00002D001F087F9FEE725630A9D02940095E2
:10CCD000059D022584F8A95004AD0195FFF742FF98
:10CCE0002046FFF77BFE049806B070BD01F072F994
:10CCF000FEE701F06FF9FEE72DE9F043074685B046
:10CD0000900015468846994601F0F4F9F0B10446C2
:10CD1000AC2001F0EFF90646A8B10463002486F8C0
:10CD2000A9400D9C4B4601940C9C2A46414638462E
:10CD300002960094FFF716FF3046FFF74FFE0120E2
:10CD400005B0BDE8F083204601F05EFA4FF0FF30F9
:10CD500005B0BDE8F08300BF70B504462F4D01F06B
:10CD600057F8002C42D0261D3046FFF777F8A36A0B
:10CD70001BB104F11800FFF771F8294A1368013359
:10CD800013602B68A34228D0264A04F15800136888
:10CD9000013B136001F052FB94F8A93033B1012B31
:10CDA00033D0022B08D001F015F9FEE7206B01F01B
:10CDB0002BFA204601F028FA1B4B1A681268BAB900
:10CDC0004FF0FF32194B1A6001F030F8184B1B6816
:10CDD00013B12B68A34212D070BD31461548FFF73E
:10CDE00017F8154A136801331360EDE72C68BAE7AA
:10CDF0001A680E4BD268D26852681A60E4E70F4B8B
:10CE00001B6833B101F0E6F8FEE7204601F0FCF9BB
:10CE1000D2E7BDE8704000F0EFBF00BF083E03203E
:10CE200018390320343903207C39032014390320B6
:10CE300028390320503903204C39032010390320AE
:10CE400030B5002489B007AA06A905A8CDE9054494
:10CE5000FEF7B2FFDDE905231549CDE9013215489A
:10CE60002346079A0094FFF721FF48B100F0F4FD34
:10CE70000128054606D0013502D101F0ABF8FEE7E6
:10CE800009B030BD01F0A6F84FF0FF300A4B0B4A55
:10CE90001B680B49583313600A4A0B4B0860156036
:10CEA0001C60F3F7ADFC09B0BDE8304001F03CB8C0
:10CEB000B8E9000829CC0008083E0320E801032057
:10CEC000143903202839032030390320024A13681B
:10CED00001331360704700BF10390320014B1868FD
:10CEE000704700BF303903202DE9F04F4D4B83B020
:10CEF0001B68002B4AD14C4B1E6801361E60002E69
:10CF00004DD04A4B0193019B1B689E425DD3484F15
:10CF10003B681C68002C74D00024DFF82891DFF8EF
:10CF200028A1DFF8288124E02846FEF797FFDBF8E8
:10CF300028200BF118000AB1FEF790FFDBF82C0057
:10CF4000D8F800202946904288BFC8F8000000EBBE
:10CF5000800009EB8000FEF75BFFDAF80010DBF8D9
:10CF60002C20CB6A9A4228BF01243B681B68002B07
:10CF70004BD03B68DB68D3F80CB0DBF804200BF136
:10CF800004059642D0D2019B1A6023E0002420467B
:10CF9000284A13680133136003B0BDE8F08F244BB7
:10CFA0001A68126852BB244A18681168196023492C
:10CFB00010600A6801320A601A68126852BB4FF0AA
:10CFC000FF331A4A019213609DE70024DFF8749042
:10CFD000DFF874A0DAF800301949DB6A03EB830349
:10CFE0009B0059F803200B68022A28BF0124002B5C
:10CFF00018BF0124204603B0BDE8F08F00F0EAFF1F
:10D00000FEE7DFF84090DFF840A04FF0FF33019AD1
:10D010001360DFE71B68054ADB680192DB685B6829
:10D02000136070E7103903203039032014390320CE
:10D030007C39032024390320783903201C3903204C
:10D0400020390320A8390320083E03202C3903206F
:10D050002DE9F84F00F0DCFE314B1A68013A1A60F6
:10D060001B68002B4BD12F4B1B68002B47D02E4D3C
:10D070002B68002B50D04FF0010A2C4EDFF8C080F7
:10D080002B4FDFF8C090EB68DC6804F1040B04F16F
:10D090001800FEF7E3FE5846FEF7E0FEE36A32684A
:10D0A00003EB83009342594608EB800088BF33604E
:10D0B000FEF7AEFE3B68E26ADB6A9A4228BFC9F817
:10D0C00000A02B68002BDED11A4B1A681268E2B957
:10D0D0004FF0FF32184B1A60184E346844B10125E6
:10D0E000FFF702FF08B1C9F80050013CF8D13460E5
:10D0F000D9F800301BB100F07FFE012400E00024CD
:10D1000000F094FE2046BDE8F88F1A680A4BD268FA
:10D11000D26852681A60DFE7DFF82890DCE700BFCA
:10D120001039032034390320643903202C390320BB
:10D13000083E03207C3903201439032024390320BE
:10D14000A83903202039032008B5054B1B6813B903
:10D1500000F040FFFEE7BDE80840FFF779BF00BFE1
:10D1600010390320C0B110B50C4C216811B100F08A
:10D1700031FFFEE7236801332360FFF7ADFC23682E
:10D180001BB1FFF765FF18B110BD00F023FFFEE7EC
:10D19000BDE8104000F030BE00F02EBE1039032074
:10D1A00038B558B3B9B1194C2368D3B923680133E2
:10D1B0002360174B02681D6853182CBF0121002102
:10D1C000AA420BD8A1B99D4212D3036023685BB970
:10D1D00000F000FFFEE700F0FDFEFEE70029F2D1BF
:10D1E000F3E700F0F7FEFEE7FFF732FF48B138BD86
:10D1F00003600021581BFFF76FFCE7E700F0EAFE31
:10D20000FEE7BDE8384000F0F7BD00BF103903204D
:10D2100030390320304B1B681BB101222F4B1A60A1
:10D2200070472E4A70B51360F3F7F4FA2C4B2D4A71
:10D230001860156819682C4CA94205D91E68206829
:10D24000416D491B314441651968236811601B6BAE
:10D250001A68B2F1A53F07D15A68B2F1A53F03D1D0
:10D260009A68B2F1A53F31D0206821683431F2F7D5
:10D27000E7FF1E4D1E492B6803EB830292008A587C
:10D28000980042B9FBB1013B03EB830251F8222025
:10D290009800002AF6D0184401EB800C6246DCF8B6
:10D2A0000410083249689142CCF8041008BF49685C
:10D2B000104A08BFCCF80410C96821602B602368AD
:10D2C0005833136070BD00F085FEFEE7DB68B3F1F4
:10D2D000A53FC9D1CDE700BF103903202039032075
:10D2E000083903200C390320083E03202C39032081
:10D2F000A8390320E801032010B558B10C46074BAC
:10D3000019681831FEF792FD2046BDE81040012152
:10D31000FFF7E2BB00F05EFEFEE700BF083E032021
:10D3200038B588B114460D46094B19681831FEF717
:10D330006FFD002C214608BF2846BDE8384018BFC5
:10D340004FF0FF30FFF7C8BB00F044FEFEE700BF20
:10D35000083E032038B5C368DC685CB304F11805E7
:10D360002846FEF77BFD154B1B6873B12946144810
:10D37000FEF74EFD134BE26A1B68DB6A9A4217D92F
:10D380000123114A1846136038BD251D2846FEF7B3
:10D3900065FD0E4AE36A11680D488B4288BF136031
:10D3A00003EB8303294600EB8300FEF731FDE1E741
:10D3B000002038BD00F00EFEFEE700BF103903204C
:10D3C00064390320083E0320203903202C39032030
:10D3D000A839032010B560B1044600F019FD064AD3
:10D3E000064B12681B68C4E90023BDE8104000F03A
:10D3F0001DBD00F0EFFDFEE71C390320303903208E
:10D40000034A044B12681B68C0E90023704700BF41
:10D410001C39032030390320F8B568B30D46D9B163
:10D42000044600F0F5FC2B68154A581C11681ED004
:10D43000D4E90060DFF84CC0DCF80070BE4201D0D7
:10D44000884204D90F1ABB4209D800232B6001245B
:10D4500000F0ECFC2046F8BD00F0BCFDFEE75B1AD6
:10D46000DCF80010126803442B60C4E900120024A9
:10D4700000F0DCFC2046F8BD00F0ACFDFEE700BF8C
:10D48000303903201C3903200122014B1A607047F8
:10D4900020390320014B1868704700BF083E032065
:10D4A000054B1B6833B1054B1868B0FA80F0400992
:10D4B00040007047012070472839032010390320AD
:10D4C000F8B50446C8B11B4DC36A2A68D26A9342B4
:10D4D00014D28269002A04DB2A68D26AC2F13802B7
:10D4E0008261154E626903EB830306EB83039A4264
:10D4F0000CD02B68DB6AE3620120F8BD2B68C06C9E
:10D50000DB6A98422CBF00200120F8BD271D384659
:10D51000FEF7A4FC2A68094BD06A1A68E0629042C0
:10D5200088BF186000EB8000394606EB8000FEF7EC
:10D530006FFCE1E7083E0320A83903202C390320C3
:10D5400090B138B5174B1C68844202D000F042FD00
:10D55000FEE7236D53B1E16AE26C013B9142236522
:10D5600000D033B1002038BD0020704700F032FDFC
:10D57000FEE7251D2846FEF771FC0B4AE36C106898
:10D58000E36283420948C3F1380188BF136003EBAB
:10D590008303A16100EB83002946FEF739FC0120DB
:10D5A00038BD00BF083E03202C390320A8390320D2
:10D5B00080B1036D70B504464BB1C06CE26A814224
:10D5C00038BF01468A4201D0012B04D070BD00F063
:10D5D00001FDFEE77047154B1B68A34222D0A369EB
:10D5E000E162002BA8BFC1F13801114DA8BFA161B4
:10D5F00002EB8202616905EB82039942E6D1261DA6
:10D600003046FEF72BFC0B4BE06A1A68314690421D
:10D6100088BF186000EB800005EB8000BDE870401B
:10D62000FEF7F6BB00F0D6FCFEE700BF083E032085
:10D63000A83903202C390320044B1A681AB1196841
:10D640000A6D01320A651868704700BF083E032062
:10D6500070B5174C06460D4600F0DAFB2368D3F888
:10D66000A43023B90121236883F8A810CDB900F0B4
:10D67000DDFB00F0CDFB2368D3F8A45025B15EB1EB
:10D6800000222368C3F8A4200022236883F8A8207E
:10D6900000F0CCFB284670BD23686A1EC3F8A420A6
:10D6A000F2E72846FFF718FA00F0A6FBDFE700BF15
:10D6B000083E03202DE9F0411F4C1E4607468846D0
:10D6C000154600F0A5FB236893F8A830022B0BD079
:10D6D00001212268D2F8A43023EA0703C2F8A4305B
:10D6E000236883F8A810BEB900F0A0FB00F090FBFF
:10D6F0001DB12368D3F8A4302B60236893F8A830B9
:10D70000022B0FD000250022236883F8A82000F008
:10D710008DFB2846BDE8F0813046FFF7DDF900F0CB
:10D720006BFBE1E722680125D2F8A43023EA080365
:10D73000C2F8A430E7E700BF083E0320F8B508B3FD
:10D740001E4604460F46154600F062FB16B1D4F89B
:10D75000A4303360022294F8A83084F8A820DBB209
:10D76000042D45D8DFE805F007111A050300022B48
:10D770003CD0C4F8A470012B18D0012400F056FB53
:10D780002046F8BD00F026FCFEE7D4F8A420012BCB
:10D7900042EA0702C4F8A420EFD107E0D4F8A4209D
:10D7A000012B02F10102C4F8A420E6D1251D284670
:10D7B000FEF754FB124AE36A116812488B4288BF95
:10D7C000136003EB830300EB83002946FEF720FB85
:10D7D000A36A13B100F0FEFBFEE70B4BE26A1B6885
:10D7E000DB6A9A42C9D900F007FBC6E70024C5E707
:10D7F000D4F8A4200132BED000F0ECFBFEE700BF5D
:10D800002C390320A8390320083E03202DE9F041DC
:10D8100048B304460F4615461E4600F0DBFB804623
:10D8200016B1D4F8A4303360022294F8A83084F8FA
:10D83000A820DBB2042D57D8DFE805F00718210532
:10D840000300022B4ED0C4F8A470012B06D0012493
:10D85000404600F0CBFB2046BDE8F081A36ABBB197
:10D8600000F0B8FBFEE700F0B5FBFEE7D4F8A4201B
:10D87000012B42EA0702C4F8A420E8D1EEE7D4F86D
:10D88000A420012B02F10102C4F8A420DFD1E5E7B6
:10D89000194B1B689BB1194804F11801FEF7B8FA3F
:10D8A000174BE26A1B68DB6A9A42D0D9069B13B118
:10D8B0000123069A13600122124B1A60C7E7251D47
:10D8C0002846FEF7CBFA104AE36A11680F488B42EC
:10D8D00088BF136003EB8303294600EB8300FEF748
:10D8E00097FADDE70024B3E7D4F8A4200132ACD0E6
:10D8F00000F070FBFEE700BF1039032064390320FD
:10D90000083E0320203903202C390320A8390320A6
:10D91000F8B500283CD004460D4600F05BFB02231E
:10D9200094F8A82084F8A830D4F8A430012A03F190
:10D9300001030646C4F8A43025D1A36A13B100F050
:10D9400049FBFEE7174B1B682BBB271D3846FEF72C
:10D9500085FA154BE06A1A683946904288BF18600C
:10D96000124B00EB800003EB8000FEF751FA104BE6
:10D97000E26A1B68DB6A9A4205D90DB101232B606C
:10D9800001220C4B1A603046BDE8F84000F02EBB77
:10D9900000F020FBFEE7084804F11801FEF738FA12
:10D9A000E5E700BF103903202C390320A8390320F4
:10D9B000083E0320203903206439032038B578B1AC
:10D9C000044600F025FA94F8A830022B05BF002386
:10D9D0000125002584F8A83000F028FA284638BD33
:10D9E000014B1C68EDE700BF083E0320F0B5124C68
:10D9F00083B000F00DFA256825B103B0BDE8F04012
:10DA000000F014BA0D4E0E4F3046FEF7F1F93846CD
:10DA1000FEF7EEF90B490C4B00950A201F600E60D3
:10DA20000A4B10210A4AFEF7E7FA20600028E4D0EA
:10DA30000849FEF767FDE0E7043F0320243F032089
:10DA4000103F03200C3F0320083F03200C3E03201F
:10DA50005C3E0320C0E9000810B588B0FFF7C6FFA0
:10DA60000F4B1B68CBB1002407AA06A905A8CDE976
:10DA70000544FEF7AFF902222346059C009202946A
:10DA8000069C08490848079A0194FFF70FF9074BCD
:10DA9000186010B1012008B010BD00F09BFAFEE73D
:10DAA000043F0320C8E9000879DB0008003F032099
:10DAB00030B585B018B3134D0446286878B10529F0
:10DAC000CDE9001202940CDCFFF7EAFC02284FF0CB
:10DAD00000030ED069461A462868FEF7C3FA05B05F
:10DAE00030BD9C46694600236246FEF781FB05B0C7
:10DAF00030BD6946089A2868FEF7B4FAEFE700F0EF
:10DB000069FAFEE7043F0320F0B5194E83B00DE03B
:10DB1000DB68DC681F68251D2846FEF79FF9236A2D
:10DB20002046984794F828305B0709D433681A6870
:10DB3000002AEDD10F4A11681360316003B0F0BDC7
:10DB4000A3693B449F4206D2294630686360246142
:10DB5000FEF76CF9EAE700233A462046194600939F
:10DB6000FFF7A6FF0028E1D100F034FAFEE700BF7E
:10DB70000C3F0320083F03202DE9F04F834E844DD6
:10DB8000844C87B03368D3F800A0BAF1000F40F09E
:10DB90009380FFF79BF9FFF7A1F92B688146984224
:10DBA000C0F09A807C4B28601B681A68B2FA82F237
:10DBB00052092068AAEB0901FEF7BCFCFFF7C4FA82
:10DBC000002800F093800022206802A9FEF75CFB89
:10DBD0000028D7D0029B0498002B66DB049F7B694A
:10DBE00013B1381DFEF73AF9FFF778F92B68824632
:10DBF000984278D3029BC5F800A0092BE3D8DFE850
:10DC000003F0050505442E4B0505442E97F8282002
:10DC1000039BB96942F00102581887F828202CBFED
:10DC200001220022504578603F6162D8AAEB0303CD
:10DC3000994224D83B6A3846984797F828305907C4
:10DC4000C1D50023B969039A38460A44009319469E
:10DC5000FFF72EFF0028B6D100F0BCF9FEE797F8D9
:10DC60002820039B42F0010287F82820BB61002B8B
:10DC700000F08380534453457B603F613DD8464B61
:10DC8000391D1868FEF7D2F89DE797F8283023F081
:10DC9000010387F8283096E797F828309A0749D586
:10DCA00023F0010387F828308DE7039B05999847F7
:10DCB000029B002B87DB91E7DB68D3F800A0FFF71E
:10DCC00005F9FFF70BF92B688146984204D382458A
:10DCD000286017D900226CE7FFF716FFC5F80090FF
:10DCE000FFF732FA6FE7FFF70FFF83E700F084F8E2
:10DCF00069E7534501D9002A9CD03068391DFEF7E9
:10DD000095F860E7FFF720FA3368DB68D3F80CB0CA
:10DD10000BF104084046FEF7A1F89BF8283058079D
:10DD20000CD423F001038BF828305846DBF8203060
:10DD3000984748E7384600F067FA44E7DBF81820D0
:10DD4000CBF810B00AEB02034B45CBF8043004D9F2
:10DD500041463068FEF76AF8E7E7A9EB0A094A4549
:10DD60000ED800235246584619460093FFF7A0FEEE
:10DD70000028DAD100F02EF9FEE700F02BF9FEE7DB
:10DD8000054B41461868FEF751F8CEE70C3F0320DB
:10DD9000FC3E0320043F0320083F0320002200B57F
:10DDA000084B83B001921B68013302D000F012F9D6
:10DDB000FEE700F00FF9019B002BFCD003B05DF8EB
:10DDC00004FB00BFE40103204FF0E0220023072002
:10DDD00010B4074C13619361236806495DF8044B46
:10DDE000A1FB03139B09013B53611061704700BF06
:10DDF000D8010320D34D62104FF0E0234FF0805242
:10DE0000C3F8042DBFF34F8FBFF36F8F704700BF70
:10DE100008B500F0DFF8044A136801331360BFF35C
:10DE20004F8FBFF36F8F08BDE401032008B5084B87
:10DE30001A684AB11A68013A1A60186800B108BD38
:10DE4000BDE8084000F0D2B800F0C4F8FEE700BF1B
:10DE5000E401032010B500F0BDF80446FFF744F8D4
:10DE600028B14FF0E0234FF08052C3F8042D204634
:10DE7000BDE8104000F0BAB808B5836913F8023C59
:10DE8000022B02D000F0A6F8FEE74FF0E023D3F813
:10DE9000882D42F47002C3F8882DD3F8342F42F055
:10DEA0004042C3F8342FBDE8084000F069B800BF15
:10DEB0002DE9F04F4FF0113E4FF0807440E909E337
:10DEC0004FF0073340F8044C164C40F8343C40E91E
:10DED00003424FF005334FF006324FF0123B40E95A
:10DEE0000F324FF0033A4FF002394FF001384FF044
:10DEF00010374FF009364FF008354FF004346FF00B
:10DF0000430340E905AB40E9078940E90B6740F866
:10DF1000305C40F8404C40F8443C40F8481DBDE8B7
:10DF2000F08F00BF9DDD00084FF0E02330B50025E5
:10DF3000D3F8202D83B042F47F02C3F8202DD3F80C
:10DF4000202D0D4C42F07F42C3F8202DFFF73CFFFF
:10DF5000256000F02DF8FFF75DF901952368013386
:10DF600002D000F037F8FEE700F034F8019B002BF8
:10DF7000FCD0002003B030BDE4010320000000000D
:10DF8000074A1168086806C881F30B88022181F3EB
:10DF90001488203080F30988BFF36F8F104700BFCB
:10DFA000083E032000000000000000000000000008
:10DFB00007480068006880F3088862B661B6BFF35E
:10DFC0004F8FBFF36F8F02DF00BF00BFAFF3008042
:10DFD00008ED00E0EFF311804FF0A00181F311880C
:10DFE000BFF34F8FBFF36F8F704700BF80F311886F
:10DFF000BFF34F8FBFF36F8F704700BF000000006B
:10E00000EFF309801EF0100F08BF20ED108AEFF328
:10E010000B82734620E9FC0F114A116808604FF02B
:10E02000A00080F31188BFF34F8FBFF36F8FFFF70E
:10E03000F1F84FF0000080F31188094A1168086870
:10E04000B0E8FC0F13F0100F08BFB0EC108A82F399
:10E050000B8880F309881847AFF30080AFF3008086
:10E06000083E032000000000000000000000000047
:10E070001EF0040F0CBFEFF30880EFF30980044992
:10E08000084700BFAFF30080AFF30080AFF300801C
:10E0900079DE000810B4154B1A461B688342FBD387
:10E0A0005468416802EB040C604513D04418A34245
:10E0B00006D00360824218BF10605DF8044B7047C1
:10E0C0000B4C2468A342F4D0D3E90034214403600C
:10E0D0004160EFE72144501883425160EDD104487C
:10E0E00000688342E9D01046EEE700BF503F0320AE
:10E0F0004C3F03202DE9F0413B4D0446FEF7E6FE80
:10E100002B68002B51D0394B1E6834422AD14CB3B6
:10E1100004F1080160071CBF21F00701083109B3B1
:10E12000DFF8E080D8F800708F421BD3304B1846E0
:10E130001C6803E0236823B120461C4662688A42BB
:10E14000F8D32B68A3420DD0236805680360531AE7
:10E15000102B05F1080510D96018420708D0FFF709
:10E1600039FFFEE7FEF7F0FF00252846BDE8F08105
:10E1700043606160FFF78EFF62681E4BBF1A19682B
:10E1800032438F424FF0000162601B4A38BF1F606C
:10E190001368216001331360C8F80070FEF7D4FFE4
:10E1A0006B07E2D0FFF716FFFEE7144B00215E0776
:10E1B0001CBF073323F0070318464FF000470C4AF3
:10E1C0003E46136051600E4A22F00702D31AC2E99C
:10E1D00000112A60C0E90023064A1360094A13604F
:10E1E000024B1F6091E700BF4C3F0320383F0320E4
:10E1F000503F0320443F0320403F0320583F03206B
:10E2000050570320483F032080B1154A50F8043C82
:10E21000126810B51342044605D050F8081C31B1FD
:10E22000FFF7D8FEFEE7FFF7D5FEFEE7704723EACB
:10E23000020340F8043CFEF749FE0A4A54F8043C45
:10E240001168A4F108000B441360FFF723FFBDE839
:10E250001040054A136801331360FEF775BF00BF15
:10E26000383F0320483F03203C3F032038B5044695
:10E27000D0F8D80204F52675294600F2AA20FDF749
:10E28000C5FC2946D4F8D802BDE83840FDF728B9C6
:10E2900001EB810300EBC303D3F86421D0F8D8026B
:10E2A000FDF756B901EB810300EBC3035A6AD0F8BE
:10E2B000D802FDF781B900BFD0F8D802FDF720BA27
:10E2C00010B543790446022B01D0F2F779FED4F859
:10E2D000D8020121FDF7F8F9D4F8D802BDE81040C2
:10E2E000FDF7C6B910B50446D0F8D802FDF7F0F92D
:10E2F000637A23B1024A136943F00603136110BD28
:10E3000000ED00E010B5437A04462BB9D4F8D802EA
:10E31000BDE81040FDF7E8B9064A136923F006038B
:10E320001361F2F77DFAD4F8D802BDE81040FDF78A
:10E33000DBB900BF00ED00E0944608B51A46D0F8FE
:10E34000CC026346F9F7B6FF18B102280CBF0120D2
:10E35000032008BD08B5D0F8CC02FAF749F818B187
:10E3600002280CBF0120032008BD00BF08B5D0F86B
:10E37000CC02FAF77BF818B102280CBF0120032069
:10E3800008BD00BF0A06D0F8CC3206D401EB8101EB
:10E3900003EBC10393F85201704701F07F0101EBD9
:10E3A000810103EBC103987C704700BF08B5D0F82A
:10E3B000CC02F9F76BFF18B102280CBF0120032033
:10E3C00008BD00BF08B5D0F8CC02F9F7DDFF18B1E1
:10E3D00002280CBF0120032008BD00BF08B5D0F8FB
:10E3E000CC02F9F7A3FF18B102280CBF01200320CB
:10E3F00008BD00BF014800F0A3B800BF9458032037
:10E40000014800F09EB800BF94580320013902442F
:10E4100010B5904201D1002005E0037811F8014FBA
:10E42000A34201D0181B10BD0130F2E7024403469D
:10E43000934200D1704703F8011BF9E72D4B1B688D
:10E44000834270B5044653D0C3691BB3DB6863B124
:10E450000025E369DB685959B1B90435802DF8D13D
:10E46000E3692046D96800F07BF8E369196811B1C7
:10E47000204600F075F8E3699D685DB129462046A5
:10E480002D6800F06DF8F8E70E68204600F068F897
:10E490003146E1E7616911B1204600F061F8E169B8
:10E4A00011B1204600F05CF8216B11B1204600F05C
:10E4B00057F8616B11B1204600F052F8A16B11B111
:10E4C000204600F04DF8A16C11B1204600F048F84C
:10E4D000616C11B1204600F043F8E16A11B12046A9
:10E4E00000F03EF8236A1BB12046BDE87040184793
:10E4F00070BD00BFE801032070B50D4D00260D4C26
:10E50000641BA410A64209D10B4D00260B4C00F051
:10E5100071F8641BA410A64205D170BD55F8043BE8
:10E5200001369847EEE755F8043B01369847F2E785
:10E53000C00C0108C00C0108C00C0108C40C010883
:10E54000704770470A44431E914200D1704710B58E
:10E5500011F8014B914203F8014FF9D110BD0000B1
:10E5600038B50546002941D051F8043C0C1F002B5A
:10E57000B8BFE418FFF73EFF1D4A136833B9636064
:10E5800014602846BDE83840FFF73ABFA34208D9D7
:10E59000206821188B4201BF19685B680918216047
:10E5A000EDE71A465B680BB1A342FAD9116850181F
:10E5B000A0420BD120680144501811608342E0D181
:10E5C00018685B68084453601060DAE702D90C23CE
:10E5D0002B60D6E7206821188B4202BF19685B6860
:10E5E0000918636008BF21605460CAE738BD00BFE6
:10E5F00058570320F8B500BFF8BC08BC9E467047CA
:0CE60000F8B500BFF8BC08BC9E4670478F
:10E60C0067E6096A85AE67BB72F36E3C3AF54FA5B7
:10E61C007F520E518C68059BABD9831F19CDE05BE3
:10E62C00FFFFFFFF000000010000000000000000E1
:10E63C0000000000FFFFFFFFFFFFFFFFFFFFFFFFDA
:10E64C0052414D4E5F54785461736B3200000000A0
:10E65C0052414D4E5F52785461736B320000000092
:10E66C0052414D4E5F53656E64555342000000009D
:10E67C0052414D4E5F4469616754580052414D4EB2
:10E68C005F4469616752580052414D4E5F4572724A
:10E69C006F725461736B000052414D4E5F50657246
:10E6AC00696F64696300000052414D4E5F53656EA3
:10E6BC006443414E0000000052414D4E5F52656371
:10E6CC006569766543414E0052414D4E5F5265631C
:10E6DC006569766555534200464C41477B64756DC0
:10E6EC006D797D0052414D4E2D4354462D4155546C
:10E6FC00483A00004D6179203133203230323600F7
:10E70C0031323A32313A31380000000052414D4E2C
:10E71C00000000004173746572696F6E204D6F626A
:10E72C00696C6974792053797374656D7320496EC3
:10E73C00632E0000426C756570696E6520456D62D4
:10E74C006564646564205472757374204C74642E13
:10E75C000000000043616C7978204175746F6D6F17
:10E76C007469766520536563757269747920476D99
:10E77C006248000044616564616C7573205665687D
:10E78C0069636C65204E6574776F726B7320532EC2
:10E79C00412E0000456368656C6F6E2054656C6596
:10E7AC006D617469637320436F72706F7261746909
:10E7BC006F6E0000466572726F76696120436F6EF2
:10E7CC0074726F6C20456C656374726F6E696373E1
:10E7DC00204C74642E0000004761726E65742044F6
:10E7EC006961676E6F7374696320496E66726173D9
:10E7FC00747275637475726520496E632E00000027
:10E80C0048656C696F7320506F77657274726169BB
:10E81C006E205365637572697479204B2E4B2E00F4
:10E82C004972697320436F6E6E6563746564204D25
:10E83C006F62696C69747920504C43004A756E693B
:10E84C00706572204669726D7761726520417373D1
:10E85C007572616E6365204C4C4300004B65797397
:10E86C00746F6E65204144415320436F6D706F6E21
:10E87C00656E747320496E632E0000004C617474D5
:10E88C006963652056656869636C652043727970AD
:10E89C00746F677261706879204C74642E0000008C
:10E8AC004D6572696469616E20496E666F74616949
:10E8BC006E6D656E7420536563757269747920474B
:10E8CC006D6248004E6164697220456D62656464D6
:10E8DC006564204964656E7469747920436F727045
:10E8EC002E0000004F72696F6E205365727669635B
:10E8FC006520546F6F6C696E6720532E412E532E1A
:10E90C0000000000506F6C61726973205375707059
:10E91C006C69657220446961676E6F7374696373A7
:10E92C0020496E632E0000005175617361722041A5
:10E93C0075746F6D6F7469766520504B49204C74FB
:10E94C00642E00005269766572746F6E20436F6E90
:10E95C0074726F6C204D6F64756C6573204C4C43F6
:10E96C0000000000536F6C7374696365204D6F6217
:10E97C00696C697479204173737572616E6365207B
:10E98C00496E632E0000000054726964656E742039
:10E99C0056656869636C652054727573742053797D
:10E9AC007374656D73204C74642E000049444C459F
:10E9BC0000000000546D725100000000546D722074
:10E9CC00537663004CE600080000000000000000D5
:10E9DC000000000000000000000400002A000000FD
:10E9EC0000000000000000005CE6000800000000D1
:10E9FC000000000000000000000000000008000003
:10EA0C002900000000000000000000006CE6000877
:10EA1C0000000000000000000000000000000000EA
:10EA2C0000040000300000000000000000000000A6
:10EA3C007CE600080000000084030320AC0000000A
:10EA4C0030040320000400000F0000000000000050
:10EA5C000000000088E600080000000034080320D5
:10EA6C00AC000000E00803200004000010000000CF
:10EA7C00000000000000000094E600080000000008
:10EA8C00E40C0320AC000000900D032000040000F7
:10EA9C00310000000000000000000000A4E60008A7
:10EAAC000000000094110320AC0000004012032071
:10EABC000004000020000000000000000000000026
:10EACC00B4E600080000000044160320AC0000006F
:10EADC00F0160320000400002800000000000000D5
:10EAEC0000000000C4E6000800000000F41A032037
:10EAFC00AC000000A01B0320000400001800000064
:10EB0C000000000000000000D4E600080000000037
:10EB1C0000000000000000000000000000040000E5
:10EB2C00180000000000000000000000240043005A
:10EB3C00D301A7015001E307DF07560503070000C7
:10EB4C0000000000963007772C610EEEBA5109993F
:10EB5C0019C46D078FF46A7035A563E9A395649E9B
:10EB6C003288DB0EA4B8DC791EE9D5E088D9D297BF
:10EB7C002B4CB609BD7CB17E072DB8E7911DBF901B
:10EB8C006410B71DF220B06A4871B9F3DE41BE843F
:10EB9C007DD4DA1AEBE4DD6D51B5D4F4C785D3839B
:10EBAC0056986C13C0A86B647AF962FDECC9658A3F
:10EBBC004F5C0114D96C0663633D0FFAF50D088D9B
:10EBCC00C8206E3B5E10694CE44160D5727167A23F
:10EBDC00D1E4033C47D4044BFD850DD26BB50AA59B
:10EBEC00FAA8B5356C98B242D6C9BBDB40F9BCACBF
:10EBFC00E36CD832755CDF45CF0DD6DC593DD1AB1B
:10EC0C00AC30D9263A00DE518051D7C81661D0BF3E
:10EC1C00B5F4B42123C4B3569995BACF0FA5BDB89A
:10EC2C009EB802280888055FB2D90CC624E90BB13E
:10EC3C00877C6F2F114C6858AB1D61C13D2D66B69A
:10EC4C009041DC760671DB01BC20D2982A10D5EFFE
:10EC5C008985B1711FB5B606A5E4BF9F33D4B8E85A
:10EC6C00A2C9077834F9000F8EA8099618980EE1FE
:10EC7C00BB0D6A7F2D3D6D08976C6491015C63E65A
:10EC8C00F4516B6B62616C1CD83065854E0062F27E
:10EC9C00ED95066C7BA5011BC1F4088257C40FF5DA
:10ECAC00C6D9B06550E9B712EAB8BE8B7C88B9FCFE
:10ECBC00DF1DDD62492DDA15F37CD38C654CD4FB5A
:10ECCC005861B24DCE51B53A7400BCA3E230BBD4FE
:10ECDC0041A5DF4AD795D83D6DC4D1A4FBF4D6D35A
:10ECEC006AE96943FCD96E34468867ADD0B860DAFE
:10ECFC00732D0444E51D03335F4C0AAAC97C0DDD5A
:10ED0C003C710550AA41022710100BBE86200CC97D
:10ED1C0025B56857B3856F2009D466B99FE461CED9
:10ED2C000EF9DE5E98C9D9292298D0B0B4A8D7C7FD
:10ED3C00173DB359810DB42E3B5CBDB7AD6CBAC059
:10ED4C002083B8EDB6B3BF9A0CE2B6039AD2B17475
:10ED5C003947D5EAAF77D29D1526DB048316DC73D1
:10ED6C00120B63E3843B64943E6A6D0DA85A6A7A75
:10ED7C000BCF0EE49DFF099327AE000AB19E077DD1
:10ED8C0044930FF0D2A3088768F2011EFEC20669F5
:10ED9C005D5762F7CB67658071366C19E7066B6E51
:10EDAC00761BD4FEE02BD3895A7ADA10CC4ADD6775
:10EDBC006FDFB9F9F9EFBE8E43BEB717D58EB060D1
:10EDCC00E8A3D6D67E93D1A1C4C2D83852F2DF4F75
:10EDDC00F167BBD16757BCA6DD06B53F4B36B248D1
:10EDEC00DA2B0DD84C1B0AAFF64A0336607A044175
:10EDFC00C3EF60DF55DF67A8EF8E6E3179BE6946D1
:10EE0C008CB361CB1A8366BCA0D26F2536E26852F4
:10EE1C0095770CCC03470BBBB91602222F26055550
:10EE2C00BE3BBAC5280BBDB2925AB42B046AB35C74
:10EE3C00A7FFD7C231CFD0B58B9ED92C1DAEDE5BD0
:10EE4C00B0C2649B26F263EC9CA36A750A936D02B4
:10EE5C00A906099C3F360EEB856707721357000510
:10EE6C00824ABF95147AB8E2AE2BB17B381BB60C34
:10EE7C009B8ED2920DBED5E5B7EFDC7C21DFDB0B90
:10EE8C00D4D2D38642E2D4F1F8B3DD686E83DA1FB4
:10EE9C00CD16BE815B26B9F6E177B06F7747B71810
:10EEAC00E65A0888706A0FFFCA3B06665C0B0111B4
:10EEBC00FF9E658F69AE62F8D3FF6B6145CF6C1610
:10EECC0078E20AA0EED20DD75483044EC2B30339B4
:10EEDC00612667A7F71660D04D476949DB776E3E10
:10EEEC004A6AD1AEDC5AD6D9660BDF40F03BD83734
:10EEFC0053AEBCA9C59EBBDE7FCFB247E9FFB53090
:10EF0C001CF2BDBD8AC2BACA3093B353A6A3B424B3
:10EF1C000536D0BA9306D7CD2957DE54BF67D9230F
:10EF2C002E7A66B3B84A61C4021B685D942B6F2AB3
:10EF3C0037BE0BB4A18E0CC31BDF055A8DEF022D0F
:10EF4C003C010320C40003203021300906052B0EA0
:10EF5C0003021A05000414003031300D06096086D6
:10EF6C004801650304020105000420002A8648CEEE
:10EF7C003D0401002A864886F70D01010B000000B4
:10EF8C002A864886F70D0101050000004FE342E296
:10EF9C00FE1A7F9B8EE7EB4A7C0F9E162BCE3357C7
:10EFAC006B315ECECBB6406837BF51F56B17D1F2E3
:10EFBC00E12C4247F8BCE6E563A440F277037D817F
:10EFCC002DEB33A0F4A13945D898C296FFFFFFFF73
:10EFDC0000000000FFFFFFFFFFFFFFFFBCE6FAADE4
:10EFEC00A7179E84F3B9CAC2FC632551FFFFFFFF2C
:10EFFC000000000100000000000000000000000004
:10F00C00FFFFFFFFFFFFFFFFFFFFFFFF982F8A426D
:10F01C0091443771CFFBC0B5A5DBB5E95BC256395E
:10F02C00F111F159A4823F92D55E1CAB98AA07D876
:10F03C00015B8312BE853124C37D0C55745DBE7299
:10F04C00FEB1DE80A706DC9B74F19BC1C1699BE419
:10F05C008647BEEFC69DC10FCCA10C246F2CE92DA9
:10F06C00AA84744ADCA9B05CDA88F97652513E98CD
:10F07C006DC631A8C82703B0C77F59BFF30BE0C6D4
:10F08C004791A7D55163CA0667292914850AB72762
:10F09C0038211B2EFC6D2C4D130D385354730A65FF
:10F0AC00BB0A6A762EC9C281852C7292A1E8BFA2D6
:10F0BC004B661AA8708B4BC2A3516CC719E892D13E
:10F0CC00240699D685350EF470A06A1016C1A419C1
:10F0DC00086C371E4C774827B5BCB034B30C1C39C0
:10F0EC004AAAD84E4FCA9C5BF36F2E68EE828F747F
:10F0FC006F63A5781478C8840802C78CFAFFBE9099
:10F10C00EB6C50A4F7A3F9BEF27871C620E70008A7
:10F11C0000010200FC0A010826010000DC0A0108BB
:10F12C0040E7000801020200800A01085B000000B1
:10F13C00600A010860E700080201010038090108B3
:10F14C00260100001809010880E7000803020100ED
:10F15C00BC0801085B0000009C080108A0E700083F
:10F16C00040102007407010826010000540701087D
:10F17C00C0E7000805020200F80601085B00000069
:10F18C00D8060108E4E7000806010200B0050108F2
:10F19C0026010000900501080CE800080702010098
:10F1AC00340501085B000000140501082CE8000878
:10F1BC0008010100EC03010826010000CC03010842
:10F1CC0048E8000809020200700301085B00000017
:10F1DC005003010868E800080A010200280201082F
:10F1EC00260100000802010888E800080B02020052
:10F1FC00AC0101085B0000008C010108ACE80008C0
:10F20C000C01010064000108260100004400010803
:10F21C00D0E800080D020100E8FF00085B000000C8
:10F22C00C8FF0008F0E800080E010200A0FE00086C
:10F23C002601000080FE000810E900080F01020002
:10F24C0058FD00082601000038FD000834E90008CC
:10F25C0010020200DCFC00085B000000BCFC000893
:10F26C0050E900081101010094FB00082601000080
:10F27C0074FB000870E900081202010018FB00087A
:10F28C005B000000F8FA000894E900081301020082
:10F29C00D0F9000826010000B0F9000890F9000828
:10F2AC0070F9000850F9000830F9000810F900084E
:10F2BC00F0F80008D0F80008B0F8000890F8000842
:10F2CC0070F8000850F8000830F8000810F8000832
:10F2DC00F0F70008D0F70008B0F7000890F7000826
:10F2EC0070F7000850F7000830F7000810F7000816
:10F2FC00F0F60008D0F60008B0F6000890F600080A
:10F30C0070F6000850F6000830F6000810F60008F9
:10F31C00F0F50008D0F50008B0F5000890F50008ED
:10F32C0070F5000850F5000830F5000810F50008DD
:10F33C00F0F40008D0F40008B0F4000890F40008D1
:10F34C0070F4000850F4000830F4000810F40008C1
:10F35C00F0F30008D0F30008B0F3000890F30008B5
:10F36C0070F30008B8D3EFEC502C3A60868238600A
:10F37C00BD55C32C9ABADFB9EB2DDC064CA01BE7AC
:10F38C006EAB03521D216296A7BC3221883B204CE8
:10F39C000662639D07B7F79616D0F7A938586638FA
:10F3AC007C7AE389BA90E2136BEE6722800A271904
:10F3BC0096BE22F2CA2BD41EE47C7F7A998627E172
:10F3CC00A71E6EF3EAF13061A2348DF2023BFADA39
:10F3DC0023C5E3BEDB8FFC308B6C064FAD951AB4A6
:10F3EC00FD4947D3A192B103939149C02592CAD24A
:10F3FC000B3C27BABF580D73DEDB9F86482F465354
:10F40C004D6EEEE966F361E53D2B3635AA17CAE27F
:10F41C00230B28B0D6EEC9143AC7BF285EB2C5D2AA
:10F42C008F4997E5C966359B416367641273EE207B
:10F43C008A6574A7214892805EC769A2FF30F7C61F
:10F44C00FC4302061EE0DD380EE0C56A811C5F88B5
:10F45C001DA2B9E20686ECDB97FDFB84DF08526740
:10F46C0075F0DC1AE35CDFD3B131FC498064DB530B
:10F47C00778BE22B706C28125AF82856955B97C93B
:10F48C00E312DC4EA8BC9DD4A34A4D6EF249BB439B
:10F49C00668E221EE0D88EE7EA2BBC34A99CC7ED01
:10F4AC00578558EF1A793A17FCB437A00E4F4450D1
:10F4BC004A98FA8F8EDA2CBB83E603B55282E89415
:10F4CC00CBE5CD9BE8E86EAA154D7CEC8400D29A76
:10F4DC009B84046C1FA95E049E1E8405C79CE428B3
:10F4EC001C7377956E983612C61495B086A88C1E30
:10F4FC006B4A694E27EC3AB3BCE4385D423278066D
:10F50C005A2682B9220D59CFDAC792B8C5810B5150
:10F51C003A5BBF2E21A4C57F50D28AE766E0B65075
:10F52C0097F281317B54F934A01C403411030DF750
:10F53C00AB738EEF230E337C42A12C37C0D0CE118F
:10F54C00E4685DBDEBA0C66922E561A839E8C86333
:10F55C00B266E9C3DAF8D1C7473F700C13C583B65E
:10F56C00BB684C9721E603B896D699EFE1312E8A09
:10F57C00B4E28D46DD15294E8D0AE77DC0CBB09BDC
:10F58C00873EB411B60FB6E9FC22E951663F7BEC1D
:10F59C0019CB0B2B890F50E86AE442B84891F0580C
:10F5AC008C34DA9E83682FC11F47D66B3470B758E2
:10F5BC005E07F1A6EFDC569BDC0CCAF3CD0D97C6AB
:10F5CC003208506706A41B29A7161509CFEE2C7418
:10F5DC0026B4600365D0A4E9A1D180B102C229D2BE
:10F5EC00E70C9D472797A098436393E3494F4F58E7
:10F5FC006A1F8AD558926071D78E16FD55B032BEEF
:10F60C004A7390883A4038E867DE2463BC88827B72
:10F61C00F14F26B3FAD98E4273D43A9B1DF4D12202
:10F62C001070DA61D761B05F894A582D38A2907793
:10F63C0096C227B8875B2A809E5E321A5048D888BB
:10F64C007D3F0C48557774D4822349CF35AE770C67
:10F65C00166D62100E36E2489474CC8C739040F5A3
:10F66C002C0820C6DD5177FCCB094BAD6C8250E0E9
:10F67C0087F9EDC4FB01A398AF790EDD89B4890934
:10F68C007559B19824598B6083FA9775EA088BE504
:10F69C0062CF9676AF926C72A5F4B09698EB145834
:10F6AC002A4EEF04D13584F1E8C7638C2EE03FF489
:10F6BC00370522E66C6C685B206C83542FF651D2B4
:10F6CC0010E35399BFE2B9CB7E414A6259E24048FC
:10F6DC0067E3999752014405C53A775EFA7CC07E80
:10F6EC00FA23CEB2DD6ECC9D995D97122A05954A10
:10F6FC00BAE731CF4ED09F97413AA08728AFB5A437
:10F70C0015457E779367BB3B07F582704365C678DA
:10F71C000C3703172C982C482FB388B8341C723430
:10F72C00B2CE7D429B58353FF0A7009F7F9D2E9116
:10F73C0062DC3EDD773783973611B4CDF3F7F6E014
:10F74C0015B19150C69D694D59E457D5CC872C5FA6
:10F75C00CD23987647F257703AA5A4D483309D3ABE
:10F76C00AF32B4C4504CA31400D3568D958434AB33
:10F77C005C656DD5E56A66882C1C623D9E48FA4C2A
:10F78C0017AF68FFE38DDA27EEFA82A0537332AD20
:10F79C0046E959E6EC44DF15F3FB846F2E2E9358A3
:10F7AC0002F2A436D93326E40ADB157BB0CEEA2B61
:10F7BC00D42A63B411796A79AC9F483E594F4B22D5
:10F7CC00628A8CE5B545D4647099595630BC53287F
:10F7DC0012641E13535424DCBA8F86E4451DCC42AC
:10F7EC00E5C6551469CAB495E5F326AAE5A05950A7
:10F7FC00F00240234BB6874C449AE473D9C03C24A6
:10F80C0011188A791B81A541B4EC43C3992C3D880E
:10F81C003A092CC786203B6670EB0DFE436F4E9267
:10F82C008DBE3C8636793F3C74D53612AA8F4A760B
:10F83C00AA6F442756857C4271000575FE27E91D89
:10F84C00E1A7CBD6EB33B0BDEE87809A1512A7CECD
:10F85C00DAE87599D3F1235411633AC6160870C4CB
:10F86C000FBC2B59E39DEDECB676FF1F492F976922
:10F87C0038BE6D231EBC2C4B09DD5439A6861D30B9
:10F88C009B2B33476600F7534A575108104F29E01A
:10F89C006D5E49A49D3540633DC6FEB2E654C3ED92
:10F8AC003BE1322279B0CB336F5CBDBD4017BD7AE2
:10F8BC00DE02836664609305E70D8261E42450A147
:10F8CC0054A4E8E3B1478AB2913B8E97ED38138D7F
:10F8DC00994C567A2DAD4CA3C22F9B4DE04A0D731B
:10F8EC0029935CD3F4BE9E043B95E01978245A9777
:10F8FC0087CA08EDDAA83FDBEC211C3A6AB86E2601
:10F90C00351B09276A65FD0F77A977E62660BBF8DA
:10F91C0018FF2A66FA3773CA4D3CE4F720CAD4C1E3
:10F92C005A94FE9DB07493A264599D28837BE0F198
:10F93C00E6E669F76DF8C4A1DEC2F751546AB292DB
:10F94C0098D7B461F4786A325E4E338C167D278D6D
:10F95C004314E5A3596836A2F25776304B5AE0703F
:10F96C00196CB06C5681AE38AFDCB93409C0DA4BC7
:10F97C0068A2FED62DC32C91AF3D86D10C6CCBA7C3
:10F98C0079CB50F72D7F4F41A003F1C546F6406867
:10F99C009D5CA60A1F0240F760E43B493D538BB8BF
:10F9AC00D1876A01C16F0CE03BB078E367DEC00F12
:10F9BC00C7ECE2F1A35174F41A82463D8E4600273F
:10F9CC00F074B7CE30820122300D06092A864886A3
:10F9DC00F70D01010105000382010F003082010ABD
:10F9EC000282010100CF88366266ADD262A95A3B11
:10F9FC002E9F30CB299EC721E11D76CC2608B7B2AD
:10FA0C000979055C9D0C6F7A3C690E9BA49EBE30F7
:10FA1C00AB977081D220EAEFBE33E6807B8699A447
:10FA2C00845FC4F06FFC8351EBDF1EFBD56EEBB52E
:10FA3C00B626105AD8875BA96FF6E8E0DE5CDCC00E
:10FA4C00D1A9B9AB65569862C91788C2D00AFD8591
:10FA5C0028747215C81F642AA11C69293D19B7D4D2
:10FA6C0001B80BE441176B8BB3A4A2B0AEE5BE5E3C
:10FA7C0051C44AB9C05FDE008699D43330D1E33823
:10FA8C005AD506A5F689990491C7E4972D5C833B5A
:10FA9C003F8DAB3033523231E7C11A1DC5C9C4EAB0
:10FAAC002AFB7281536FBC55A84CE7EADD8DA28D01
:10FABC00613360D2EC5EFE94EB3B61F4EB80145E40
:10FACC00B9556CE90F3996C1A5B77099A15CD8ED01
:10FADC00D7D8530ED70C25912631E5BFC11D4F0D3C
:10FAEC004220B87D7102030100010000AF6EA649EF
:10FAFC00F3F68AC3840F63317BB04DC50D7F3CD2C6
:10FB0C00B5235197195F156788A5AEB330593013DB
:10FB1C0006072A8648CE3D020106082A8648CE3DB5
:10FB2C000301070342000440E93A41868C7CB0FC97
:10FB3C0088F4A9006D8F091F2E04D18E02EF952732
:10FB4C003B4BF16433DFB0B5C4161E0FBB277F10DF
:10FB5C00CE5BB0D513F4812E42ECEA1EC18B29FB8F
:10FB6C009163D5410169990020C1CDAE3DA68D753B
:10FB7C00BB382F745925C117E738D3607255300143
:10FB8C00CD0ECBC2C4471E4230820122300D060975
:10FB9C002A864886F70D01010105000382010F003A
:10FBAC003082010A0282010100C257C88700AF4CA3
:10FBBC00CF97167CCC926CFFD34AA4F05F46DF61E2
:10FBCC001F0B5FAD776A55C43264BCA57D4896881F
:10FBDC00A8E1DBAFE3880B3EB54FD57E4B3A6C0CFE
:10FBEC00B87E2B952E9666A1B0A5F3365348F23409
:10FBFC0071984F3B3699F1EC3339147D605FB4FD4D
:10FC0C0018D19BA54EA8E70A0E9D89F18EAB1B0758
:10FC1C003FC0A6E7692720BA1EE293BE987CE9791B
:10FC2C00945C8A58EFB8359F014851F13A0C3675FF
:10FC3C0003F9C07D27A042C25001E0FECB36657BA4
:10FC4C00B3CB9D91BB128B5F2161BFC75295254DE4
:10FC5C002D31AAD2CA102947E6AA4661F50EA73A59
:10FC6C0062FC5D79171EACC702A99FA5F6EE0C5D70
:10FC7C004E1A3B9EF5202FE74C131D50FB17B6DF99
:10FC8C000B1F44A008AB961AE04212DA86C773E643
:10FC9C00C7304186C42BCAD27C5B8A936BF88E1C0E
:10FCAC004A9AB8814FA5805ED10203010001000081
:10FCBC002EC8DF8898A4BEC51742C251109D76DEAF
:10FCCC002B9FB0B443E743ABCB358B6A3EBB79A5D6
:10FCDC003059301306072A8648CE3D020106082A01
:10FCEC008648CE3D030107034200046073FA9C7FF3
:10FCFC004F989A3C59D24D1CC23D08FFCB7E62F9FD
:10FD0C008EA7675F6F1F1D6B7A5C4508CDC332539E
:10FD1C00C7E791A4B589B27664A9107613BCDA3D15
:10FD2C0023D6E67574A4C29314BB3C0011945220E4
:10FD3C00816DA179BC2487497E3346D12D7C5FFA35
:10FD4C00834402F76E71AA00B36934F93082012240
:10FD5C00300D06092A864886F70D010101050003BE
:10FD6C0082010F003082010A0282010100873CA847
:10FD7C00ADCEEB46247EFFDD7BF04EB5F332B4CA3C
:10FD8C007DA2957A3C4E3B858FDFD9390333231006
:10FD9C0039620D42B8436AEB4084863E447FD7F803
:10FDAC00E7CA8A848CE37430C00FB1484B2B08E946
:10FDBC00EBFEBC16D1D68390C9DD23768ED1F556D9
:10FDCC001F91C3A42D9FC1CEC0195222C80CC2A929
:10FDDC00B01CE24310B2410886E24B4885DC5A4124
:10FDEC00C59CEDF81A4922639D3F3DF94229DBF38E
:10FDFC0025D3B0D88E5925A9146A1C03F103F3F44A
:10FE0C00183E2DB7F6F4941607E125ED1EBC26F826
:10FE1C00E6EE3F2A82863288D6C8EFAD2DD0429BC3
:10FE2C00CC314325B14A8D6A63939624B95E52DB7B
:10FE3C0079EF905CA14AD58666E21CE00940E5BDED
:10FE4C008BA8D4D8DA0D310C3F3333650B0D0D7FF5
:10FE5C0072CFEAF412D3A4018DB11C2AB68A9C820B
:10FE6C00532B62B7BCFDE3E56C4191CF91020301CA
:10FE7C00000100000AB4B57CEC71EB11C31623C26F
:10FE8C002849F52A32883C4EEEEA24E6AA91A2646F
:10FE9C00E4ED59FF30820122300D06092A8648868E
:10FEAC00F70D01010105000382010F003082010AE8
:10FEBC00028201010098CBFD46B4F6FC0561D85FC7
:10FECC0013E3589C53F6ED521FD5A8BB1DE3C38515
:10FEDC00834687D056BD35E48BDFFEE7A1A29AC9D5
:10FEEC0094C66169B11D55E88C575F7797037760AD
:10FEFC0053DB4B26C43CF1773C91CBE3AADC6EFB85
:10FF0C004EC5E640073D99923F77A37FE2D2AE10F3
:10FF1C006DC431AF41CFC60800FBB5CDF1E46462CE
:10FF2C007E3956645064E5DE7A14AD746607A1C15F
:10FF3C00AA80584DBAD0758373385CF803EBD302A2
:10FF4C00DB7FB337C3FDC8415EC87B9D80A4E8321C
:10FF5C00D9E998561BE499D39E421F6CDA1DF10126
:10FF6C00403ED66C677CFE56488DA9DE338160D846
:10FF7C00EB5D57877905183F7A8894184FD2CAE7FA
:10FF8C00DEE72DDCB7C289BDBFD1C74178FE7FABA0
:10FF9C00691EA01C6599747371AA5F00B3D9D0D285
:10FFAC0090F10FA4D7718185C897264F5DD544FC7D
:10FFBC002310D4F2510203010001000042A5443881
:10FFCC00250805118BA0A85B7496941AA10B35809B
:10FFDC001D8B3BF2B4415E7C71FD293C30593013D2
:10FFEC0006072A8648CE3D020106082A8648CE3DE1
:04FFFC0003010703F3
:020000040801F1
:100000004200047938DB6F25A3685A73DDB95DA916
:10001000EDA0B61F4F3E9F18AFD33AA0DE62F71493
:10002000DA47DD3D1CDFF9AE513224ADBF2F104958
:10003000D6E7105A92BB86D95893FCDB4DA96CB613
:10004000BD09FD008254F0B99F36ECD643D84BB1C0
:10005000AADBBC3F0B866AABD1896C1887461C278C
:10006000D8A04DA930820122300D06092A86488683
:10007000F70D01010105000382010F003082010A22
:100080000282010100C6641081ECED55E8105F0C9E
:10009000BDC6CD8086E334FC8512257E5313D7BFC1
:1000A000069E2141F3D6D59E916A389EDFBC5D3B0A
:1000B000A4C68CD00AFF467B9579E3C9992AD9FD5D
:1000C000A66954EF2C9D5D43ADE87DA9D0FF252E98
:1000D00081D6460D589450D29680A3A41392BFEABD
:1000E000EA0022D8DB44DCCF36A6DEB7057645220F
:1000F0002A8A46D56CF0434D57EE9C9EB297641504
:10010000102AAA97C3170906FCC9107F86A689F092
:10011000CD5CABDCFA54F2EFAF82129B6ED7D9FB09
:10012000FA97EB7C52694E9B118762C10D56E8E04D
:10013000D2E17D163E4CA99367A2FF123153C7AEA0
:10014000F446D3CE6D15C059CED6B9191B506C14D8
:10015000217624CCB3B507B73FCB2DA82FE7F8B253
:10016000662386651F40FD0F23B79183C9A1B12483
:100170009022475CD075057D36108A1EEFF004335F
:100180000E9D4E7EAB0203010001000041E8F3B377
:10019000620EEA3A913F3450E7C3D58A8506075A82
:1001A000FF57A4B33E3DBB6145C3F90A3059301334
:1001B00006072A8648CE3D020106082A8648CE3D1B
:1001C00003010703420004DEB76C021850398C0D9E
:1001D0006730CD80B1691BAAD5C53C55925380FFCD
:1001E000A1A2E2AF0C73B4A97578AA3148607B5321
:1001F000639C871AFB5DCDAF282F5231A75AA122ED
:10020000032E83C40876EE001CE718EA79AE352782
:10021000C3386BA51CCCF5D855546D8CD4F07F60D9
:1002200086ABA1468746B34030820122300D0609D5
:100230002A864886F70D01010105000382010F009F
:100240003082010A0282010100D125372886DCD1E3
:1002500053C460A05539FFEEDDE62C2A692707F666
:10026000A247C56FCD8C089A38C1787F61BADAA2EF
:1002700093B7C0F6EEA2BF034048C9E23162C83A64
:10028000757499FEF1C0079F74D45C7A490DFECA5B
:100290007681757F7445CADB7A4184C2C245D6DC5B
:1002A000DC52C3A4489064ED356E819F76AA03DBCF
:1002B000EC16F317C3B56A9E5FA2605DD2D0FDA2B3
:1002C00088127B8D12A8B8B3E39C88B75CE70766F9
:1002D0005C2697FF889464412D3DF4B7123E0113CC
:1002E000C68B0D52D33D0F83963BB4222420A41B12
:1002F000CC20CF24CC27B245B171BEB8B3BA763F7B
:100300003FF0420E0EA508B081837ECA6841B8A7AF
:10031000CE0E3A72A6BB70E03C7B11B1BA06CEA5F8
:100320000FF43702DE04653FE77622F77B5295AC87
:100330007625B778BED21C938E672A88BB3B3E0ECB
:100340000419E054DEED28398302030100010000A6
:10035000EE58ED5E6B1BDF7A0BDD6E2C0E8979F7A4
:10036000F9A882FD3DBE5D45883C45682B264B9B28
:100370003059301306072A8648CE3D020106082A66
:100380008648CE3D03010703420004AB9F57A80EE9
:10039000E2855B3ADC5AA4F8EF2010746869AEDF9E
:1003A000511779AE06BB12C8FD41FCC3DEEDDE5E1F
:1003B0003E3CE8BD88558DFCADE41E0A510960F154
:1003C000562A4101007969C3B54C8E00B12CCFDAB1
:1003D000F1EB815343DEE38AA7432A1E537D9566E2
:1003E000875BCA9D359BDC9F17533D9D3082012260
:1003F000300D06092A864886F70D01010105000324
:1004000082010F003082010A0282010100A108640A
:100410007D46096075CD3B2A3CFCDAE6B81DC4D3A5
:10042000CAA828E3A19AB4457BBD4ABE54FD6E918B
:100430002A3B328066DF501B8BD21BF45E2F9B9AC7
:10044000B85B2BF3DC55943BA6D40835F192782A9F
:1004500067D574ABEDA948D02F5B5E5896ED096D5A
:10046000E93E40C3786FBB997803C30C14309D7686
:1004700018989884F4140064098F0B5221CA90E5EF
:1004800008ECDEF67FD06D1746C23C5E8C125E9D96
:10049000BB7CFA09719E4982F3064E53B5CAC65217
:1004A000498D7ACE7C70F48856E8E5C1EF7CE49102
:1004B0008C725398AE8B80F6319D00F889290B30F1
:1004C000178683FA6F0E4D347D98ECD10F2A78038E
:1004D0001A0C5D0E8518DE04F49EC3E92FF022F09D
:1004E000825DBDC27DC1492090AFAFDAA89928EAEC
:1004F000F8BCA4AA4A192892430AD420C45403255C
:10050000290567D9746E6D168D203E796502030149
:1005100000010000C1E1F7731DC6FBE31E3ED72EAC
:10052000F03BE3441B9E397BA0075858A195140A61
:10053000C9EFF5DF3059301306072A8648CE3D0251
:100540000106082A8648CE3D03010703420004BA8B
:100550004298691375A8FD2E709FF51ABD164DD5EA
:100560001A07F3D1AFA35817D489E1FA200CC11CA4
:100570005E30056DF21F782FFDD85B5B121D1CCC21
:10058000F9D61256C64AEEFD1F437C25D207EE006F
:10059000F52B6DF986B1BD9E64D075359C26F8ECBF
:1005A000E8D34F638227F722BEAF0CC424412393C4
:1005B00030820122300D06092A864886F70D010196
:1005C0000105000382010F003082010A028201014D
:1005D000008044C55DD4C9E3FF6E5791B3638A6A56
:1005E000D71911EBE50E9814B60747D8C0496B9A96
:1005F000B54CE4D1574AB3C883BCB08D2A30153707
:10060000FAF83EFEBC097CA8BE0E401C71F809C277
:100610007E9059580D11F37EF2E8A4C14BDF70D7DC
:10062000A868825528A9B541A1DB79CA34DF4D49B4
:10063000CFBD86F91F6C51A1FB407281A8B7627AC9
:1006400081A69EFAFDEA08C61C0805B2B8EE8A1E0D
:10065000E74B63CF8BDFED1454BAE64A84C5B3CBC6
:10066000326FF7E5E75D9CD4AD088CEBD634B989E1
:100670003EBAC48FAFBADC101FBBF2BAB8B690BC9A
:100680002767650A459895F0696F802647FF5FC028
:10069000AFFA90EBC6D1EC2DA7F6940CF8D329D481
:1006A000D9807338C6125E53231203A5BD329D0F45
:1006B0003EE61DD9978A8BFB7F28C290FA1B93D503
:1006C000457886A7568FC5A7A8C4815468A9041980
:1006D000DB0203010001000017FFAB87147D97D8F0
:1006E000C91A84AE0466C917CBC2E2692675107EAA
:1006F00085B3C1ABBF1216583059301306072A868E
:1007000048CE3D020106082A8648CE3D0301070374
:10071000420004FC645696D17EC5D51B2C8B7F4DC0
:1007200014170490E0AFA0B7D28D8D36122B13A012
:10073000189FD68E479112CE9F7265763A24ACF5FB
:1007400015F800C42FCA84A1DD9DD98673E60C5527
:100750008F3FEC0065A3588911080A873106E288AB
:10076000C5231E3092EF4D32C3942941EE588D4778
:10077000184DD39A30820122300D06092A86488608
:10078000F70D01010105000382010F003082010A0B
:100790000282010100C8A1CE49273E74AC1534364F
:1007A000D41D726B2B935568FEFF658054DE483371
:1007B0003B9A3245826E0979047596DA9F81A95970
:1007C0005A108C1DC83ED11D246133E30A5DE5A09B
:1007D00072ED4BC0BB9F44F1B6266FC64A1CB8BA37
:1007E0004116FCB8743C7416561B66A258B9626A6E
:1007F00060FDCE67768069FE14A3DEA3DCA4C06E24
:1008000032B657E2A2D5CEFC28C0031CC6BC93E585
:10081000BE5808AA3ACB558430A00888E3EB6DB7E0
:1008200035666CF75066BAA86EA039BCA94E1CC7D5
:100830001C1622A4CA13D2BC26F704A60AC0E94695
:1008400093D11BD4BA89B2A5AF2D60B7E55AB70FC3
:10085000725A31C9905914125C3AA3280E7DF69051
:10086000D12193BFB49BAA94D5D1F16652EDC7555F
:100870004C08810D4417982E2852CED94A2B572860
:1008800078093C12D4E1D74A87F4074980D94C4112
:100890000A43C296B3020301000100002E9938C03A
:1008A000B9744CC9AB4765BD5654CFA3C59C6D9573
:1008B0002E2D5605E9704668CBAF1605305930131A
:1008C00006072A8648CE3D020106082A8648CE3D04
:1008D000030107034200040EFF92D4A2A93F0B6755
:1008E0000A3C3BC3AD84BA64732F1DB31E6048A499
:1008F0009D878BF29D7C90C880CD40ECD07AECBD7A
:1009000029F0EED422848BEA0248D1014F3E54E70D
:100910000488060BB7FF9F00C8E7A4C6BF68AA807B
:10092000782FA62AD23CA7640D73757954C106FFAF
:10093000536DC16F10D1E29930820122300D06094A
:100940002A864886F70D01010105000382010F0088
:100950003082010A0282010100BB5C32A6BC6EB388
:10096000CD2F7E9602358EB53C2117CB5E5D3B9434
:10097000A65C8535151D02DD1C791250D5993A3AD1
:100980000927A81FE80F00D96DAC0D388672CE9BE1
:10099000687618979005CB88DEEC7812EA122B3D2A
:1009A0002C56CF947783AC3AC5FFC6AAFA2D928312
:1009B000F3080D3DB88C81AF566A89BD1B0195D1F6
:1009C000ED913F66A2C071FF83354BE5A493ABE682
:1009D000F6A8F62A2137C5D12CF450618ED650CB1B
:1009E000209C73A0467984A07B183D2437FEA3C1C8
:1009F000B6B3DA6AE2A3691F30D339D3D935991275
:100A00008907263BA96DB600957D832C1F0A4626D3
:100A10005A2201C683CEC8D8F6F6084BF6F93AC971
:100A20005F57474355D0DDBD512B1FCDC310B8C410
:100A3000567F4B0B29CC9CBDE8F57BCAFD5CF816B4
:100A40008CED8EA4BE980A3A8C2972BEDF03D9D7EA
:100A50006B15DA7DC0981151FF02030100010000FF
:100A6000C7EE727FC9D034AFE9BE230D2F00D0F29C
:100A700011C94CDA00B9DAD13B28384C5A94620ECD
:100A80003059301306072A8648CE3D020106082A4F
:100A90008648CE3D03010703420004940FF37C1EF9
:100AA000004F071DA3902370F5CF73EEE88F9A6275
:100AB0002149EFD78FA79035BC652AE34109355C02
:100AC000F8886C8C96EE8312244390EA020B74C46F
:100AD000FE64C41CDA02DCD5B01C920008F5144D8B
:100AE000C9B9DDA0B3E902BCD8431F02B1EA64B3BF
:100AF0009E54E7E0A788510546E9D9DA3082012201
:100B0000300D06092A864886F70D0101010500030C
:100B100082010F003082010A0282010100D7CB97C7
:100B200009E7D6FD3CB3D8C2B97A17C421250C1504
:100B300054273FFCF16BA13FBE6DC345B0F95FC0C8
:100B4000A18AE75EEAC5ACA0CEC6BF4991C8708A4B
:100B5000846756F196E5C5C4DD952AB7170028804D
:100B600074F636BE9AE88422A6A8772B603BCF3570
:100B7000B529F573B71B3C2EB9A2486D11A2921886
:100B80001A705CC6B70312448E51A75FFCF3CA7B90
:100B9000F19BADA4AA9AF18A6DF44E70D61A778BA8
:100BA000B9580AD6EA4A7D1F4B59FB30A2D9B26820
:100BB000317833E895B2AF6BF74F6EA0BB8A391925
:100BC00030696DE85EF763885EC323CA279FFD3AEC
:100BD000D141BC17BA9434F3BB663BAFBE20733F20
:100BE00070C7FC8E83955BEC88A6E1C7A802F6A8C7
:100BF0000770B56A6A94E46466C073BCED33E3E6DB
:100C000042F2C841AEBD58BAF12EE6C1EFACD06594
:100C1000C680C602FB4B41E20AC3ED094F02030145
:100C20000001000052414D4E5F4354465F4543551D
:100C3000445F415043455F4743445F5631000000E5
:100C40000001020304050607080C101418203040A8
:100C50004543554400000000A0860100400D0300FC
:100C6000801A060000350C0040420F0080841E00F0
:100C700000093D0000127A000024F40000366E01E5
:100C80000048E801006CDC020000000000000000E9
:100C9000000000000000000000000000010203044A
:100CA000000000000000000001020304060708091C
:100CB0000001020304050607080C10141820304038
:040CC0002502000801
:040CC4000102000821
:100CC800000000000000000000000000000000001C
:100CD800000000000000000000000000000000000C
:100CE80000000000000000000000000002000000FA
:100CF80001000000000000000000000000000040AB
:100D080000000000020000000100000000000000D8
:100D18000000000000000000000000000000FF07C5
:100D280001000100000000000000000001000000B8
:100D3800000000000000010001000000EB070000B7
:100D4800000000000000000000000000000000009B
:100D5800000000000000000000000000000000008B
:100D6800EB07000000000000000000000000000089
:100D7800000000000000000000000000000000006B
:100D880000000000BB01000000000000000000009F
:100D98000800000000000000000000000000000043
:100DA800000000000000000000000000000000003B
:100DB800000000000000000000000000000000002B
:100DC800000000000000000000000000000000001B
:100DD800000000000000000000000000000000000B
:100DE8000000000000000000640000000000000097
:100DF800000000000000100020000000B801000002
:100E080000000000000000000800000000000000D2
:100E180000000000000000000000000000000000CA
:100E280000000000000000000000000000000000BA
:100E380000000000000000000000000000000000AA
:100E4800000000000000000000000000000000009A
:100E5800000000000000000000000000000000008A
:100E68006400000000000000000000000000100006
:100E780020000000570500000000000000000000EE
:100E8800000000000000000000000000000000005A
:100E9800000000000000000000093D000100000003
:100EA80008000000AAAAAAAAEC010320000000007A
:100EB8005C570320C45703202C580320000000006F
:100EC800000000000000000000000000000000001A
:100ED800000000000000000000000000000000000A
:100EE80000000000000000000000000000000000FA
:080EF8000000000000000000F2
:040000050800539507
:00000001FF
